NFL '26 Survey — By Country (Col M),,,,,,,,,,,,,
Breakdown: Tidy Country,,,,,,,,,,,,,
Question,Response,Total N,Global Average %,Australia %,Brazil %,DACH %,France %,Italy %,Japan %,Mexico %,RoW %,Spain %,United Kingdom %
How old are you?,18-24 years old,344,1.80%,0.50%,2.10%,2.10%,1.70%,1.00%,1.10%,1.60%,2.40%,1.30%,1.60%
,25-34 years old,2450,12.60%,10.00%,25.80%,15.20%,12.90%,10.70%,8.40%,12.40%,12.50%,9.40%,12.60%
,35-44 years old,5114,26.20%,28.30%,31.60%,31.50%,29.60%,19.60%,12.20%,25.20%,28.10%,27.40%,26.70%
,45-54 years old,5790,29.70%,28.30%,26.00%,27.50%,34.20%,34.20%,28.10%,34.30%,26.70%,37.50%,29.00%
,55-64 years old,3946,20.20%,19.20%,10.40%,17.30%,13.30%,26.80%,34.80%,19.30%,17.60%,18.60%,19.90%
,65+ years old,1648,8.50%,11.80%,3.40%,5.40%,8.00%,6.90%,14.10%,6.30%,11.10%,5.20%,9.20%
,Prefer not to say,144,0.70%,1.60%,0.40%,0.50%,0.30%,0.70%,1.10%,0.50%,0.90%,0.50%,0.70%
,Under 18 years old,59,0.30%,0.40%,0.20%,0.30%,0.00%,0.30%,0.10%,0.30%,0.50%,0.10%,0.30%
,Base (answered),19495,100.00%,100.00%,100.00%,100.00%,100.00%,100.00%,100.00%,100.00%,100.00%,100.00%,100.00%
,,,,,,,,,,,,,
,,,,,,,,,,,,,
How much of a fan would you say you are of the NFL?,"I like it, but I wouldn’t say I’m a fan",1229,6.30%,1.20%,6.20%,3.60%,6.00%,7.80%,9.80%,10.10%,8.60%,6.40%,0.50%
,"I’m a fan, but not a huge one",5437,28.00%,20.20%,23.30%,20.20%,30.20%,32.10%,40.20%,29.30%,34.50%,28.10%,18.30%
,I’m a huge fan,12569,64.80%,78.60%,69.90%,75.80%,63.50%,59.50%,48.90%,59.40%,55.10%,65.10%,81.20%
,I’m not a fan at all,156,0.80%,0.00%,0.60%,0.40%,0.30%,0.60%,1.10%,1.20%,1.80%,0.30%,0.00%
,Base (answered),19391,100.00%,100.00%,100.00%,100.00%,100.00%,100.00%,100.00%,100.00%,100.00%,100.00%,100.00%
,,,,,,,,,,,,,
How long have you been an NFL fan?,1-3 years,1204,6.30%,5.10%,11.00%,5.20%,8.50%,7.10%,5.20%,3.70%,7.60%,10.60%,4.90%
,10+ years,14430,75.10%,80.20%,65.60%,68.60%,70.80%,76.30%,81.20%,86.80%,75.20%,62.40%,79.70%
,4-6 years,1863,9.70%,8.30%,11.60%,12.80%,13.30%,8.70%,7.50%,4.90%,9.00%,13.80%,8.50%
,7-9 years,1721,9.00%,6.50%,11.80%,13.50%,7.40%,7.90%,6.00%,4.70%,8.10%,13.20%,6.80%
,Base (answered),19218,100.00%,100.00%,100.00%,100.00%,100.00%,100.00%,100.00%,100.00%,100.00%,100.00%,100.00%
,,,,,,,,,,,,,
How would you describe how closely you follow the NFL? - Selected Choice,I mainly / only watch RedZone,670,3.50%,3.20%,0.70%,5.30%,4.20%,6.90%,0.40%,1.30%,3.70%,5.20%,3.20%
,I mainly / only watch game highlights,448,2.40%,0.50%,0.20%,1.10%,2.00%,3.90%,9.10%,0.60%,1.90%,2.50%,1.00%
,Mainly interested in the Playoffs and Super Bowl,955,5.00%,0.30%,3.70%,2.10%,3.90%,9.70%,16.60%,3.30%,5.20%,5.20%,0.70%
,Mainly interested in the Super Bowl only,336,1.80%,0.40%,1.10%,1.00%,0.80%,1.10%,5.40%,1.90%,2.20%,1.50%,0.20%
,Other (please specify),262,1.40%,1.20%,1.50%,1.20%,1.30%,1.90%,2.10%,0.40%,1.70%,2.00%,0.90%
,Watch / follow infrequently,870,4.60%,3.80%,3.90%,3.30%,1.10%,6.60%,9.50%,3.90%,5.80%,3.50%,1.70%
,Watch every / most games,6559,34.70%,36.80%,48.20%,36.60%,33.60%,36.40%,12.10%,46.20%,29.20%,43.60%,41.50%
,Watch every / most games of the team(s) I am a fan of,6537,34.60%,43.70%,25.00%,38.70%,36.50%,25.60%,30.00%,28.90%,37.50%,23.80%,42.30%
,Watch games frequently of the team(s) I am a fan of,2280,12.10%,10.00%,15.60%,10.80%,16.50%,7.90%,15.00%,13.50%,12.80%,12.60%,8.70%
,Base (answered),18917,100.00%,100.00%,100.00%,100.00%,100.00%,100.00%,100.00%,100.00%,100.00%,100.00%,100.00%
,,,,,,,,,,,,,
"How likely are you to recommend NFL Game Pass on DAZN to a friend, family member or collea",Detractor,7617,40.40%,53.20%,21.60%,45.90%,35.50%,34.30%,62.10%,24.50%,33.80%,34.80%,44.60%
,Passive,6151,32.60%,29.00%,31.10%,33.40%,38.50%,38.30%,24.00%,29.80%,32.90%,37.20%,36.80%
,Promoter,5099,27.00%,17.80%,47.40%,20.70%,25.90%,27.40%,14.00%,45.70%,33.30%,28.00%,18.60%
,Base (answered),18867,100.00%,100.00%,100.00%,100.00%,100.00%,100.00%,100.00%,100.00%,100.00%,100.00%,100.00%
,,,,,,,,,,,,,
"How likely are you to recommend NFL Game Pass on DAZN to a friend, family member or collea",0,879,4.70%,7.40%,4.20%,4.50%,4.60%,4.20%,5.80%,4.50%,3.70%,5.40%,4.70%
,1,523,2.80%,5.70%,0.90%,3.30%,1.40%,1.50%,4.60%,1.90%,2.40%,1.30%,2.70%
,10,3190,16.90%,10.80%,33.50%,12.50%,15.50%,16.80%,10.00%,31.20%,20.30%,15.10%,10.60%
,2,730,3.90%,6.10%,2.00%,5.10%,2.80%,2.80%,5.80%,2.10%,3.10%,3.00%,3.90%
,3,938,5.00%,5.30%,1.80%,6.40%,3.30%,2.70%,9.90%,2.80%,4.00%,3.60%,4.80%
,4,710,3.80%,5.30%,1.10%,4.60%,3.20%,2.90%,4.50%,2.20%,3.60%,2.40%,4.80%
,5,2022,10.70%,12.80%,5.30%,11.00%,10.10%,8.70%,22.30%,5.30%,8.80%,8.50%,10.70%
,6,1815,9.60%,10.70%,6.40%,11.00%,10.10%,11.50%,9.10%,5.70%,8.40%,10.50%,12.90%
,7,2737,14.50%,15.70%,12.60%,15.00%,17.40%,16.80%,11.20%,10.20%,14.20%,17.10%,18.90%
,8,3414,18.10%,13.40%,18.50%,18.40%,21.20%,21.60%,12.70%,19.60%,18.70%,20.10%,17.90%
,9,1909,10.10%,7.00%,13.90%,8.20%,10.40%,10.60%,4.00%,14.50%,13.00%,12.90%,8.10%
,Base (answered),18867,100.00%,100.00%,100.00%,100.00%,100.00%,100.00%,100.00%,100.00%,100.00%,100.00%,100.00%
,,,,,,,,,,,,,
"How satisfied are you with your overall experience of NFL Game Pass on DAZN so far? 
Pleas",Detractor,6284,33.90%,47.70%,18.80%,41.90%,36.70%,27.00%,37.70%,22.10%,28.60%,31.00%,39.30%
,Passive,6763,36.50%,32.70%,30.90%,37.30%,38.90%,43.50%,36.50%,28.40%,36.30%,39.40%,40.90%
,Promoter,5500,29.70%,19.50%,50.30%,20.80%,24.40%,29.40%,25.80%,49.50%,35.10%,29.50%,19.80%
,Base (answered),18547,100.00%,100.00%,100.00%,100.00%,100.00%,100.00%,100.00%,100.00%,100.00%,100.00%,100.00%
,,,,,,,,,,,,,
"How satisfied are you with your overall experience of NFL Game Pass on DAZN so far? 
Pleas",0,644,3.50%,6.30%,3.60%,3.40%,4.10%,3.40%,2.50%,3.60%,2.90%,4.70%,3.60%
,1,410,2.20%,4.80%,1.10%,3.00%,1.30%,0.90%,1.90%,1.80%,1.90%,1.60%,2.60%
,10,3024,16.30%,9.90%,29.10%,10.20%,13.70%,15.10%,16.20%,30.80%,18.90%,14.30%,9.50%
,2,565,3.00%,4.10%,1.10%,4.60%,3.30%,2.10%,2.90%,2.00%,2.30%,2.00%,3.40%
,3,729,3.90%,5.10%,2.20%,5.60%,4.10%,2.00%,5.00%,2.70%,2.60%,2.50%,5.10%
,4,709,3.80%,5.50%,1.30%,5.40%,3.50%,2.90%,3.50%,2.00%,3.50%,2.90%,4.80%
,5,1587,8.60%,10.70%,4.00%,9.10%,8.90%,6.50%,14.60%,5.10%,7.20%,8.20%,9.00%
,6,1640,8.80%,11.10%,5.40%,10.80%,11.30%,9.40%,7.40%,4.80%,8.10%,9.10%,11.00%
,7,2889,15.60%,16.20%,8.50%,16.70%,18.50%,17.50%,15.90%,9.70%,15.00%,17.50%,18.90%
,8,3874,20.90%,16.50%,22.40%,20.60%,20.40%,26.10%,20.60%,18.80%,21.40%,21.90%,22.00%
,9,2476,13.30%,9.60%,21.30%,10.50%,10.70%,14.30%,9.60%,18.60%,16.20%,15.20%,10.30%
,Base (answered),18547,100.00%,100.00%,100.00%,100.00%,100.00%,100.00%,100.00%,100.00%,100.00%,100.00%,100.00%
,,,,,,,,,,,,,
How would you rate NFL Game Pass on DAZN for the following aspects? - Ease of navigation,Average,5410,29.70%,33.10%,19.80%,34.80%,27.10%,30.30%,34.80%,23.90%,26.30%,26.70%,29.70%
,Don't know / Not applicable,280,1.50%,0.40%,0.70%,1.20%,0.30%,0.30%,5.70%,0.80%,1.50%,1.20%,0.50%
,Excellent,2396,13.10%,9.40%,26.80%,7.80%,14.50%,15.10%,5.50%,24.30%,16.20%,10.70%,12.30%
,Good,5940,32.60%,29.20%,38.20%,32.90%,41.70%,35.90%,18.50%,34.70%,33.70%,35.10%,36.00%
,Poor,2620,14.40%,15.60%,8.20%,15.40%,9.70%,11.20%,22.30%,9.00%,13.70%,14.90%,15.10%
,Very Poor,1597,8.80%,12.20%,6.40%,7.80%,6.60%,7.20%,13.10%,7.30%,8.60%,11.40%,6.50%
,Base (answered),18243,100.00%,100.00%,100.00%,100.00%,100.00%,100.00%,100.00%,100.00%,100.00%,100.00%,100.00%
,,,,,,,,,,,,,
How would you rate NFL Game Pass on DAZN for the following aspects? - Range of features,Average,5030,27.60%,31.50%,19.80%,26.80%,20.00%,27.60%,40.50%,24.50%,24.50%,26.70%,28.80%
,Don't know / Not applicable,1528,8.40%,5.90%,9.50%,10.00%,7.40%,6.10%,9.90%,6.70%,8.80%,8.70%,6.20%
,Excellent,2395,13.10%,11.10%,20.70%,10.80%,17.00%,14.50%,6.30%,20.70%,15.80%,8.40%,11.80%
,Good,7034,38.60%,33.00%,40.70%,42.10%,45.10%,40.80%,22.80%,37.40%,40.90%,38.70%,42.70%
,Poor,1455,8.00%,10.80%,7.30%,6.90%,6.10%,7.40%,14.50%,6.10%,6.10%,11.20%,6.90%
,Very Poor,801,4.40%,7.70%,2.00%,3.40%,4.40%,3.60%,6.10%,4.70%,3.90%,6.30%,3.60%
,Base (answered),18243,100.00%,100.00%,100.00%,100.00%,100.00%,100.00%,100.00%,100.00%,100.00%,100.00%,100.00%
,,,,,,,,,,,,,
How would you rate NFL Game Pass on DAZN for the following aspects? - Range of devices ava,Average,3021,16.60%,18.10%,11.10%,13.30%,8.40%,18.70%,33.10%,16.90%,13.50%,15.50%,14.50%
,Don't know / Not applicable,972,5.30%,7.00%,6.80%,4.00%,8.70%,7.30%,3.70%,2.20%,7.90%,4.90%,5.80%
,Excellent,5217,28.60%,22.30%,29.30%,30.70%,33.60%,23.20%,15.70%,36.70%,31.60%,24.20%,29.20%
,Good,7773,42.60%,42.80%,41.60%,46.40%,44.60%,44.10%,39.80%,35.10%,40.50%,46.90%,46.10%
,Poor,742,4.10%,5.50%,7.30%,3.30%,3.10%,4.60%,5.10%,4.50%,3.70%,5.20%,2.70%
,Very Poor,518,2.80%,4.20%,3.90%,2.30%,1.60%,2.00%,2.70%,4.60%,2.80%,3.20%,1.80%
,Base (answered),18243,100.00%,100.00%,100.00%,100.00%,100.00%,100.00%,100.00%,100.00%,100.00%,100.00%,100.00%
,,,,,,,,,,,,,
How would you rate NFL Game Pass on DAZN for the following aspects? - Value for money,Average,5987,32.80%,32.70%,34.50%,38.50%,39.30%,32.10%,19.30%,30.20%,31.00%,36.20%,36.70%
,Don't know / Not applicable,165,0.90%,0.70%,0.90%,0.80%,0.50%,1.10%,1.50%,0.50%,1.20%,1.40%,0.20%
,Excellent,1910,10.50%,6.90%,14.80%,4.90%,6.10%,6.40%,13.60%,17.70%,15.80%,5.70%,7.30%
,Good,4079,22.40%,14.00%,27.50%,19.70%,24.40%,17.50%,17.00%,27.80%,27.10%,22.30%,22.10%
,Poor,3650,20.00%,23.00%,15.70%,23.10%,17.00%,26.80%,27.60%,14.20%,15.20%,18.10%,20.40%
,Very Poor,2452,13.40%,22.60%,6.60%,12.90%,12.80%,16.10%,20.90%,9.60%,9.70%,16.20%,13.30%
,Base (answered),18243,100.00%,100.00%,100.00%,100.00%,100.00%,100.00%,100.00%,100.00%,100.00%,100.00%,100.00%
,,,,,,,,,,,,,
How would you rate NFL Game Pass on DAZN for the following aspects? - Picture/stream quali,Average,3619,19.80%,23.70%,9.30%,22.20%,12.30%,23.60%,30.90%,13.20%,16.00%,17.50%,21.30%
,Don't know / Not applicable,114,0.60%,0.70%,0.90%,0.50%,0.50%,0.30%,0.80%,0.50%,0.80%,1.00%,0.30%
,Excellent,4594,25.20%,17.00%,45.70%,18.60%,31.00%,22.90%,13.10%,41.50%,30.40%,23.30%,22.30%
,Good,8059,44.20%,41.40%,37.30%,48.40%,50.10%,41.90%,36.60%,37.40%,45.20%,49.00%,47.10%
,Poor,1267,6.90%,9.00%,5.00%,7.60%,4.40%,7.30%,13.40%,4.90%,4.90%,5.80%,6.00%
,Very Poor,590,3.20%,8.10%,1.80%,2.70%,1.80%,3.90%,5.10%,2.60%,2.60%,3.30%,3.00%
,Base (answered),18243,100.00%,100.00%,100.00%,100.00%,100.00%,100.00%,100.00%,100.00%,100.00%,100.00%,100.00%
,,,,,,,,,,,,,
How would you rate NFL Game Pass on DAZN for the following aspects? - Audio/sound quality,Average,3810,20.90%,21.90%,11.40%,21.70%,9.40%,23.20%,39.60%,16.10%,15.50%,17.50%,21.80%
,Don't know / Not applicable,186,1.00%,0.80%,1.10%,0.90%,0.60%,0.70%,2.40%,0.30%,1.20%,1.00%,0.70%
,Excellent,4239,23.20%,19.70%,38.90%,16.40%,29.40%,23.10%,11.00%,37.10%,29.10%,21.30%,21.00%
,Good,8924,48.90%,47.30%,44.50%,55.10%,57.20%,48.20%,39.30%,40.00%,49.00%,54.10%,51.70%
,Poor,743,4.10%,5.80%,3.00%,4.30%,2.10%,3.10%,6.40%,4.00%,3.30%,4.10%,3.30%
,Very Poor,341,1.90%,4.50%,1.10%,1.60%,1.30%,1.60%,1.20%,2.60%,2.00%,2.10%,1.40%
,Base (answered),18243,100.00%,100.00%,100.00%,100.00%,100.00%,100.00%,100.00%,100.00%,100.00%,100.00%,100.00%
,,,,,,,,,,,,,
How would you rate NFL Game Pass on DAZN for the following aspects? - Quality of the help ,Average,3542,19.40%,17.00%,11.60%,20.00%,12.60%,26.30%,29.20%,19.90%,15.50%,20.80%,15.10%
,Don't know / Not applicable,7878,43.20%,46.80%,52.50%,48.50%,51.20%,39.80%,38.00%,25.60%,47.90%,31.50%,53.50%
,Excellent,972,5.30%,2.80%,11.10%,2.40%,6.30%,3.80%,2.50%,14.30%,6.60%,3.90%,2.70%
,Good,2743,15.00%,10.80%,13.60%,13.80%,17.10%,15.10%,6.40%,24.80%,15.00%,21.90%,11.80%
,Poor,1579,8.70%,10.40%,5.70%,8.00%,6.90%,8.30%,12.60%,7.20%,7.30%,11.30%,8.90%
,Very Poor,1529,8.40%,12.20%,5.50%,7.20%,5.80%,6.70%,11.40%,8.20%,7.80%,10.60%,8.00%
,Base (answered),18243,100.00%,100.00%,100.00%,100.00%,100.00%,100.00%,100.00%,100.00%,100.00%,100.00%,100.00%
,,,,,,,,,,,,,
How would you rate NFL Game Pass on DAZN for the following aspects? - Quality of event/mat,Average,2885,15.80%,14.30%,16.10%,15.60%,10.50%,11.80%,28.70%,18.40%,11.10%,17.20%,11.40%
,Don't know / Not applicable,1058,5.80%,3.50%,4.50%,9.40%,4.00%,6.80%,7.30%,3.00%,5.40%,4.50%,2.40%
,Excellent,5142,28.20%,26.00%,34.50%,24.10%,39.70%,34.10%,13.30%,31.30%,34.90%,22.50%,33.30%
,Good,7807,42.80%,51.10%,37.70%,44.20%,42.30%,40.80%,35.00%,37.10%,45.50%,40.10%,51.30%
,Poor,809,4.40%,2.40%,5.00%,3.70%,2.10%,4.30%,11.30%,5.70%,1.80%,7.80%,1.20%
,Very Poor,542,3.00%,2.70%,2.00%,3.10%,1.30%,2.20%,4.40%,4.50%,1.20%,7.90%,0.40%
,Base (answered),18243,100.00%,100.00%,100.00%,100.00%,100.00%,100.00%,100.00%,100.00%,100.00%,100.00%,100.00%
,,,,,,,,,,,,,
How would you rate NFL Game Pass on DAZN for the following aspects? - Advertising,Average,5581,30.60%,33.10%,28.40%,28.10%,22.00%,35.20%,43.80%,25.90%,29.30%,29.80%,30.30%
,Don't know / Not applicable,1945,10.70%,15.90%,9.80%,6.60%,11.00%,9.30%,13.10%,3.20%,16.70%,13.00%,11.00%
,Excellent,1063,5.80%,5.30%,11.10%,2.80%,6.60%,5.90%,5.00%,10.60%,7.90%,3.40%,3.90%
,Good,3277,18.00%,18.80%,25.20%,14.00%,17.00%,17.80%,11.40%,24.10%,21.50%,20.50%,15.80%
,Poor,2572,14.10%,10.00%,10.90%,18.50%,13.10%,13.40%,15.70%,12.30%,10.90%,12.50%,15.50%
,Very Poor,3805,20.90%,16.90%,14.50%,29.90%,30.40%,18.30%,10.90%,23.90%,13.70%,20.70%,23.50%
,Base (answered),18243,100.00%,100.00%,100.00%,100.00%,100.00%,100.00%,100.00%,100.00%,100.00%,100.00%,100.00%
,,,,,,,,,,,,,
At what point did you sign-up to NFL Game Pass?,Ahead of the Super Bowl (February),1836,10.20%,3.80%,5.30%,4.90%,5.40%,7.30%,28.60%,12.90%,11.80%,9.60%,2.20%
,Around the start of the season (September-October),2250,12.50%,11.20%,26.80%,14.50%,9.50%,7.60%,7.40%,14.40%,11.30%,19.70%,9.30%
,Later in the season (November-December),2312,12.80%,7.10%,15.40%,12.80%,16.60%,22.50%,9.10%,16.70%,10.60%,16.70%,9.40%
,Not sure,394,2.20%,1.10%,3.00%,1.60%,1.60%,0.70%,4.70%,1.70%,2.90%,1.50%,1.20%
,Prior to the season starting (Before September),10210,56.70%,75.70%,46.30%,63.50%,60.20%,48.30%,35.80%,49.30%,58.20%,45.40%,76.70%
,Throughout the Playoff period (January),1019,5.70%,1.00%,3.20%,2.70%,6.70%,13.70%,14.30%,5.00%,5.10%,7.00%,1.20%
,Base (answered),18021,100.00%,100.00%,100.00%,100.00%,100.00%,100.00%,100.00%,100.00%,100.00%,100.00%,100.00%
,,,,,,,,,,,,,
What prevented you from signing up to NFL Game Pass sooner? - Selected Choice,I couldn't afford it,1952,37.90%,39.30%,62.70%,53.00%,18.80%,26.60%,53.00%,16.00%,31.30%,35.40%,44.10%
,I didn’t know about NFL Game Pass,599,11.60%,9.50%,10.80%,8.20%,8.50%,6.10%,15.40%,13.30%,14.60%,9.20%,5.20%
,I needed more time to research or compare options,100,1.90%,1.20%,0.00%,1.80%,2.80%,1.60%,1.50%,2.90%,2.20%,1.80%,1.30%
,"I was waiting for a sale, discount, or promotion",1460,28.40%,23.80%,12.70%,25.80%,47.20%,46.00%,9.80%,47.90%,22.70%,36.00%,30.60%
,I wasn't interested in the games earlier in the season,380,7.40%,3.60%,8.80%,2.80%,6.80%,7.00%,7.80%,9.70%,12.30%,3.60%,3.50%
,Other (please specify):,458,8.90%,20.20%,2.90%,5.20%,13.10%,9.10%,7.20%,7.20%,12.50%,9.50%,13.50%
,The games I wanted to watch didn't fit my schedule,199,3.90%,2.40%,2.00%,3.20%,2.80%,3.50%,5.20%,3.10%,4.30%,4.50%,1.70%
,Base (answered),5148,100.00%,100.00%,100.00%,100.00%,100.00%,100.00%,100.00%,100.00%,100.00%,100.00%,100.00%
,,,,,,,,,,,,,
"During this years regular season, did you attend, or want to attend, an international game","No, I didn’t try and attend an international NFL game",8496,47.30%,72.00%,27.60%,43.00%,35.90%,57.10%,62.80%,50.50%,53.90%,22.10%,34.00%
,"No, I wanted to attend but couldn’t get tickets",3704,20.60%,8.00%,22.10%,32.80%,26.30%,24.70%,2.50%,18.50%,16.00%,30.50%,18.10%
,"No, I wanted to attend but something prevented me",2868,16.00%,15.80%,22.40%,8.50%,26.00%,7.30%,19.00%,18.70%,20.20%,15.60%,17.80%
,"Yes, I attended a game",2906,16.20%,4.30%,27.90%,15.70%,11.80%,11.00%,15.70%,12.20%,9.90%,31.70%,30.10%
,Base (answered),17974,100.00%,100.00%,100.00%,100.00%,100.00%,100.00%,100.00%,100.00%,100.00%,100.00%,100.00%
,,,,,,,,,,,,,
How appealing do you find the following features? - Download on-demand games and non-live ,Don't know,2007,11.50%,10.80%,21.40%,6.40%,9.40%,8.60%,19.30%,9.70%,16.80%,7.60%,8.70%
,Not at all appealing,1290,7.40%,6.90%,8.30%,7.70%,9.60%,7.50%,5.00%,6.80%,10.50%,4.70%,5.00%
,Not very appealing,2389,13.70%,13.00%,9.50%,15.30%,19.70%,14.80%,16.80%,13.90%,12.50%,8.70%,10.60%
,Somewhat appealing,5312,30.40%,31.40%,25.20%,30.30%,27.60%,34.90%,33.70%,30.70%,26.80%,28.20%,34.50%
,Very appealing,6500,37.10%,37.90%,35.60%,40.30%,33.60%,34.20%,25.30%,38.90%,33.40%,50.70%,41.10%
,Base (answered),17498,100.00%,100.00%,100.00%,100.00%,100.00%,100.00%,100.00%,100.00%,100.00%,100.00%,100.00%
,,,,,,,,,,,,,
How appealing do you find the following features? - Portability (access your subscription ,Don't know,1576,9.00%,9.40%,13.80%,4.40%,5.30%,8.50%,22.70%,5.60%,8.30%,10.00%,9.30%
,Not at all appealing,898,5.10%,5.30%,3.30%,5.60%,7.00%,6.00%,7.40%,3.60%,3.70%,6.10%,4.70%
,Not very appealing,1507,8.60%,4.80%,2.40%,10.50%,11.60%,14.20%,16.30%,6.80%,4.40%,7.70%,6.30%
,Somewhat appealing,4269,24.40%,25.60%,17.30%,27.40%,21.40%,26.40%,26.50%,20.70%,20.90%,23.70%,28.40%
,Very appealing,9248,52.90%,55.00%,63.20%,52.10%,54.80%,45.00%,27.10%,63.30%,62.70%,52.40%,51.20%
,Base (answered),17498,100.00%,100.00%,100.00%,100.00%,100.00%,100.00%,100.00%,100.00%,100.00%,100.00%,100.00%
,,,,,,,,,,,,,
How appealing do you find the following features? - NFL Films original content (e.g. Coach,Don't know,1498,8.60%,6.70%,14.30%,4.30%,6.30%,5.70%,21.00%,6.40%,10.30%,9.20%,5.20%
,Not at all appealing,1436,8.20%,9.40%,8.10%,8.40%,10.60%,6.60%,7.00%,5.90%,10.30%,8.30%,7.20%
,Not very appealing,2747,15.70%,14.20%,8.60%,18.50%,17.50%,17.10%,19.70%,10.80%,15.40%,14.70%,13.10%
,Somewhat appealing,6512,37.20%,41.20%,24.50%,39.30%,33.30%,39.70%,33.70%,33.70%,37.00%,34.40%,44.70%
,Very appealing,5305,30.30%,28.50%,44.70%,29.50%,32.30%,30.90%,18.70%,43.20%,27.10%,33.40%,29.70%
,Base (answered),17498,100.00%,100.00%,100.00%,100.00%,100.00%,100.00%,100.00%,100.00%,100.00%,100.00%,100.00%
,,,,,,,,,,,,,
How appealing do you find the following features? - Next Gen Stats enhanced broadcast,Don't know,3692,21.10%,14.50%,24.20%,17.80%,15.10%,19.80%,45.00%,14.90%,21.30%,21.20%,13.70%
,Not at all appealing,2183,12.50%,18.10%,6.40%,17.20%,14.90%,9.30%,7.90%,4.50%,14.10%,9.50%,15.30%
,Not very appealing,3439,19.70%,18.40%,6.40%,25.30%,27.20%,25.50%,17.00%,12.90%,18.10%,15.00%,22.40%
,Somewhat appealing,5292,30.20%,35.20%,25.40%,28.70%,27.20%,33.40%,21.40%,35.10%,30.00%,33.40%,34.50%
,Very appealing,2892,16.50%,13.70%,37.50%,11.00%,15.70%,11.90%,8.80%,32.60%,16.50%,20.90%,14.10%
,Base (answered),17498,100.00%,100.00%,100.00%,100.00%,100.00%,100.00%,100.00%,100.00%,100.00%,100.00%,100.00%
,,,,,,,,,,,,,
How appealing do you find the following features? - Multiview (watch 4 games simultaneousl,Don't know,1719,9.80%,9.10%,9.50%,4.60%,7.10%,7.20%,19.00%,6.20%,14.50%,9.30%,9.70%
,Not at all appealing,2642,15.10%,21.60%,6.70%,18.60%,20.20%,15.70%,14.30%,4.50%,16.20%,11.10%,18.70%
,Not very appealing,3607,20.60%,19.40%,6.70%,24.40%,21.00%,29.50%,29.10%,8.90%,18.40%,18.50%,21.30%
,Somewhat appealing,4935,28.20%,28.50%,20.20%,31.50%,25.50%,27.10%,25.40%,25.60%,27.50%,29.50%,30.70%
,Very appealing,4595,26.30%,21.30%,57.00%,21.00%,26.20%,20.40%,12.20%,54.70%,23.40%,31.70%,19.60%
,Base (answered),17498,100.00%,100.00%,100.00%,100.00%,100.00%,100.00%,100.00%,100.00%,100.00%,100.00%,100.00%
,,,,,,,,,,,,,
"How appealing do you find the following features? - Authentic American broadcasts, includi",Don't know,556,3.20%,1.60%,4.00%,1.10%,0.70%,2.30%,10.80%,1.90%,3.80%,3.20%,1.40%
,Not at all appealing,531,3.00%,3.50%,1.90%,2.00%,4.30%,4.50%,4.90%,1.80%,2.80%,5.90%,2.10%
,Not very appealing,1064,6.10%,4.80%,2.60%,4.80%,8.40%,8.10%,13.40%,4.10%,5.10%,8.20%,3.50%
,Somewhat appealing,4181,23.90%,27.80%,15.70%,19.50%,16.60%,30.10%,34.90%,21.20%,24.30%,25.30%,23.00%
,Very appealing,11166,63.80%,62.30%,75.80%,72.70%,70.00%,55.00%,36.10%,71.00%,64.00%,57.40%,70.10%
,Base (answered),17498,100.00%,100.00%,100.00%,100.00%,100.00%,100.00%,100.00%,100.00%,100.00%,100.00%,100.00%
,,,,,,,,,,,,,
How appealing do you find the following features? - Authentic American commercials,Don't know,671,3.80%,3.40%,4.30%,2.30%,2.00%,4.00%,7.00%,2.40%,5.40%,3.50%,3.20%
,Not at all appealing,2019,11.50%,12.10%,9.30%,8.30%,19.00%,11.40%,11.20%,6.70%,14.10%,20.30%,11.50%
,Not very appealing,1899,10.90%,9.20%,7.60%,8.80%,10.40%,14.90%,16.00%,8.20%,11.10%,14.80%,9.40%
,Somewhat appealing,4659,26.60%,32.90%,24.00%,22.90%,22.40%,27.00%,34.40%,23.10%,27.70%,26.50%,28.40%
,Very appealing,8250,47.10%,42.40%,54.90%,57.80%,46.20%,42.70%,31.50%,59.60%,41.70%,34.90%,47.50%
,Base (answered),17498,100.00%,100.00%,100.00%,100.00%,100.00%,100.00%,100.00%,100.00%,100.00%,100.00%,100.00%
,,,,,,,,,,,,,
How appealing do you find the following features? - Play from start (Ability to start from,Don't know,438,2.50%,1.80%,4.30%,1.50%,1.50%,2.00%,4.40%,1.30%,4.00%,1.70%,2.30%
,Not at all appealing,401,2.30%,1.50%,2.60%,3.90%,2.50%,1.50%,1.20%,2.00%,1.90%,1.50%,2.00%
,Not very appealing,1081,6.20%,4.40%,4.00%,9.70%,5.10%,6.00%,5.80%,5.70%,4.70%,3.60%,5.50%
,Somewhat appealing,4466,25.50%,20.90%,20.20%,27.40%,20.70%,29.50%,30.80%,25.40%,23.20%,16.70%,29.70%
,Very appealing,11112,63.50%,71.50%,68.90%,57.50%,70.20%,61.10%,57.70%,65.70%,66.20%,76.50%,60.40%
,Base (answered),17498,100.00%,100.00%,100.00%,100.00%,100.00%,100.00%,100.00%,100.00%,100.00%,100.00%,100.00%
,,,,,,,,,,,,,
How appealing do you find the following features? - HDR Picture quality,Don't know,1141,6.50%,4.80%,7.60%,4.20%,3.10%,5.30%,16.20%,3.20%,7.20%,5.60%,6.20%
,Not at all appealing,391,2.20%,3.20%,1.90%,2.70%,2.50%,2.30%,2.80%,1.00%,2.40%,1.80%,1.50%
,Not very appealing,1192,6.80%,5.10%,2.40%,9.50%,7.50%,10.00%,11.70%,3.30%,4.30%,5.80%,5.00%
,Somewhat appealing,5648,32.30%,31.40%,16.90%,34.20%,26.80%,40.50%,41.20%,24.20%,30.00%,29.40%,35.90%
,Very appealing,9126,52.20%,55.40%,71.30%,49.30%,60.10%,41.90%,28.10%,68.20%,56.10%,57.40%,51.40%
,Base (answered),17498,100.00%,100.00%,100.00%,100.00%,100.00%,100.00%,100.00%,100.00%,100.00%,100.00%,100.00%
,,,,,,,,,,,,,
How appealing do you find the following features? - Games with local language commentary,Don't know,1910,10.90%,26.80%,7.10%,3.60%,6.50%,4.80%,11.10%,2.90%,18.80%,3.20%,26.70%
,Not at all appealing,5304,30.30%,32.70%,20.90%,46.50%,38.20%,19.30%,10.60%,19.70%,39.10%,15.80%,25.50%
,Not very appealing,2853,16.30%,15.20%,9.00%,18.80%,15.10%,15.40%,17.70%,14.10%,16.30%,12.10%,17.90%
,Somewhat appealing,3313,18.90%,13.70%,17.10%,16.20%,11.90%,23.60%,33.40%,23.70%,13.00%,20.00%,17.10%
,Very appealing,4118,23.50%,11.50%,45.80%,14.90%,28.30%,36.90%,27.40%,39.60%,12.80%,49.00%,12.70%
,Base (answered),17498,100.00%,100.00%,100.00%,100.00%,100.00%,100.00%,100.00%,100.00%,100.00%,100.00%,100.00%
,,,,,,,,,,,,,
How appealing do you find the following features? - Ability to stream on more devices at t,Don't know,1117,6.40%,6.00%,9.00%,2.60%,6.50%,4.90%,15.80%,2.50%,9.10%,4.20%,5.70%
,Not at all appealing,1128,6.40%,8.50%,2.90%,7.50%,14.90%,5.90%,5.90%,2.00%,7.40%,4.20%,7.00%
,Not very appealing,2018,11.50%,11.10%,4.50%,13.90%,17.20%,15.40%,18.70%,3.50%,9.70%,8.70%,11.30%
,Somewhat appealing,4987,28.50%,32.50%,17.60%,27.90%,24.50%,33.80%,33.60%,22.80%,27.70%,28.50%,32.50%
,Very appealing,8248,47.10%,42.00%,66.00%,48.10%,36.90%,40.00%,26.00%,69.10%,46.10%,54.40%,43.60%
,Base (answered),17498,100.00%,100.00%,100.00%,100.00%,100.00%,100.00%,100.00%,100.00%,100.00%,100.00%,100.00%
,,,,,,,,,,,,,
How appealing do you find the following features? - Personalized Experience (play content ,Don't know,1194,6.80%,7.30%,7.40%,4.00%,4.00%,4.50%,12.70%,4.50%,10.50%,3.40%,6.50%
,Not at all appealing,779,4.50%,4.40%,3.60%,6.10%,3.80%,2.10%,3.60%,3.20%,5.70%,2.10%,3.80%
,Not very appealing,1648,9.40%,7.70%,5.50%,12.90%,8.60%,8.80%,12.10%,8.00%,8.70%,4.60%,7.50%
,Somewhat appealing,6150,35.10%,36.80%,23.80%,34.90%,24.80%,42.00%,42.10%,34.30%,33.80%,28.00%,39.20%
,Very appealing,7727,44.20%,43.70%,59.90%,42.00%,58.80%,42.60%,29.50%,49.90%,41.30%,61.90%,43.00%
,Base (answered),17498,100.00%,100.00%,100.00%,100.00%,100.00%,100.00%,100.00%,100.00%,100.00%,100.00%,100.00%
,,,,,,,,,,,,,
How appealing do you find the following features? - Discounted merchandise from NFL Shop,Don't know,2389,13.70%,13.90%,24.50%,6.60%,7.50%,8.90%,20.80%,14.90%,20.20%,11.10%,11.20%
,Not at all appealing,3031,17.30%,20.90%,14.50%,20.90%,21.20%,12.70%,16.40%,9.00%,21.00%,14.70%,15.20%
,Not very appealing,3150,18.00%,12.70%,10.50%,23.40%,24.20%,18.70%,21.60%,13.70%,15.60%,15.40%,14.70%
,Somewhat appealing,4921,28.10%,30.00%,21.10%,28.60%,26.50%,34.90%,25.70%,27.90%,24.40%,29.50%,34.90%
,Very appealing,4007,22.90%,22.50%,29.50%,20.50%,20.70%,24.80%,15.50%,34.50%,18.90%,29.30%,24.00%
,Base (answered),17498,100.00%,100.00%,100.00%,100.00%,100.00%,100.00%,100.00%,100.00%,100.00%,100.00%,100.00%
,,,,,,,,,,,,,
How appealing do you find the following features? - Access to tickets for International Ga,Don't know,3133,17.90%,20.30%,32.10%,7.70%,14.40%,13.70%,26.90%,19.40%,25.40%,13.00%,17.50%
,Not at all appealing,1902,10.90%,12.10%,7.60%,12.40%,13.60%,11.50%,9.50%,5.80%,14.10%,8.30%,9.80%
,Not very appealing,2033,11.60%,8.60%,6.40%,13.90%,14.90%,12.90%,18.00%,8.30%,10.50%,7.30%,9.50%
,Somewhat appealing,4367,25.00%,22.10%,18.50%,26.40%,20.70%,25.80%,24.20%,23.70%,24.10%,22.50%,31.60%
,Very appealing,6063,34.60%,36.80%,35.40%,39.60%,36.40%,36.10%,21.40%,42.90%,26.00%,49.00%,31.60%
,Base (answered),17498,100.00%,100.00%,100.00%,100.00%,100.00%,100.00%,100.00%,100.00%,100.00%,100.00%,100.00%
,,,,,,,,,,,,,
How appealing do you find the following features? - Ability to chat and interact with othe,Don't know,2557,14.60%,13.50%,22.80%,5.80%,8.90%,10.60%,33.00%,16.00%,16.90%,12.40%,12.60%
,Not at all appealing,9476,54.20%,63.90%,39.00%,71.30%,55.60%,50.10%,31.30%,35.00%,56.60%,48.80%,63.90%
,Not very appealing,3473,19.80%,14.30%,15.90%,16.50%,23.00%,26.90%,26.40%,24.50%,16.10%,24.50%,16.70%
,Somewhat appealing,1371,7.80%,5.80%,11.60%,4.70%,8.80%,9.70%,7.40%,15.50%,6.80%,10.00%,5.30%
,Very appealing,621,3.50%,2.50%,10.70%,1.70%,3.60%,2.60%,1.80%,8.90%,3.60%,4.30%,1.50%
,Base (answered),17498,100.00%,100.00%,100.00%,100.00%,100.00%,100.00%,100.00%,100.00%,100.00%,100.00%,100.00%
,,,,,,,,,,,,,
How appealing do you find the following features? - Alternative broadcasts (e.g. Manningca,Don't know,3175,18.20%,11.50%,20.70%,13.70%,16.70%,14.60%,35.00%,13.00%,20.50%,18.90%,14.80%
,Not at all appealing,2452,14.00%,18.00%,7.80%,16.20%,19.70%,15.00%,10.80%,6.40%,16.30%,13.10%,15.40%
,Not very appealing,3857,22.00%,21.50%,9.30%,26.70%,25.20%,29.40%,24.40%,16.00%,18.90%,20.00%,22.10%
,Somewhat appealing,5177,29.60%,33.00%,24.90%,30.50%,26.30%,29.00%,22.60%,34.20%,28.60%,31.00%,32.20%
,Very appealing,2832,16.20%,15.90%,37.30%,12.90%,12.10%,12.10%,7.20%,30.40%,15.60%,17.10%,15.40%
,Base (answered),17493,100.00%,100.00%,100.00%,100.00%,100.00%,100.00%,100.00%,100.00%,100.00%,100.00%,100.00%
,,,,,,,,,,,,,
And how appealing do you find the following benefits if they were available through the sa,Don't know,2596,15.40%,12.40%,12.90%,9.00%,11.10%,10.10%,35.20%,13.60%,18.90%,12.90%,12.40%
,Not at all appealing,5923,35.20%,47.10%,29.20%,43.60%,42.80%,36.00%,23.10%,17.20%,40.20%,27.90%,39.80%
,Not very appealing,3453,20.50%,17.60%,19.80%,20.60%,21.10%,27.40%,24.70%,21.20%,16.90%,20.80%,19.10%
,Somewhat appealing,2910,17.30%,15.20%,18.30%,16.70%,15.70%,16.80%,11.50%,23.70%,15.90%,22.40%,18.60%
,Very appealing,1928,11.50%,7.70%,19.80%,10.20%,9.30%,9.70%,5.50%,24.30%,8.10%,16.00%,10.20%
,Base (answered),16810,100.00%,100.00%,100.00%,100.00%,100.00%,100.00%,100.00%,100.00%,100.00%,100.00%,100.00%
,,,,,,,,,,,,,
And how appealing do you find the following benefits if they were available through the sa,Don't know,1164,6.90%,5.30%,4.50%,5.00%,3.90%,4.00%,14.60%,4.40%,10.40%,4.00%,5.10%
,Not at all appealing,1738,10.30%,16.90%,7.70%,11.10%,7.60%,8.60%,7.30%,4.90%,14.70%,7.90%,11.60%
,Not very appealing,2654,15.80%,13.70%,11.10%,19.30%,15.20%,20.00%,17.40%,11.70%,14.90%,12.80%,14.30%
,Somewhat appealing,6976,41.50%,42.50%,26.70%,43.10%,41.10%,45.70%,43.20%,38.80%,38.30%,41.70%,46.60%
,Very appealing,4278,25.40%,21.60%,50.00%,21.50%,32.20%,21.80%,17.50%,40.20%,21.70%,33.60%,22.50%
,Base (answered),16810,100.00%,100.00%,100.00%,100.00%,100.00%,100.00%,100.00%,100.00%,100.00%,100.00%,100.00%
,,,,,,,,,,,,,
And how appealing do you find the following benefits if they were available through the sa,Don't know,2084,12.40%,11.60%,6.40%,8.70%,7.90%,6.70%,27.90%,9.30%,15.20%,10.60%,9.60%
,Not at all appealing,4606,27.40%,31.20%,15.30%,36.40%,30.40%,28.00%,18.00%,10.80%,33.10%,22.80%,28.10%
,Not very appealing,3973,23.60%,20.10%,19.60%,27.20%,30.40%,28.70%,31.00%,16.10%,20.20%,22.30%,21.60%
,Somewhat appealing,3542,21.10%,24.30%,22.50%,18.00%,19.10%,21.30%,15.80%,28.90%,18.30%,24.00%,27.10%
,Very appealing,2605,15.50%,12.80%,36.10%,9.60%,12.30%,15.30%,7.30%,34.80%,13.10%,20.40%,13.60%
,Base (answered),16810,100.00%,100.00%,100.00%,100.00%,100.00%,100.00%,100.00%,100.00%,100.00%,100.00%,100.00%
,,,,,,,,,,,,,
And how appealing do you find the following benefits if they were available through the sa,Don't know,2132,12.70%,11.80%,9.90%,10.90%,7.10%,8.10%,19.70%,8.20%,17.80%,9.00%,12.70%
,Not at all appealing,2804,16.70%,23.80%,9.90%,17.10%,14.00%,12.60%,8.60%,7.50%,22.00%,27.50%,18.40%
,Not very appealing,3530,21.00%,22.00%,14.60%,24.70%,22.90%,25.60%,18.90%,14.30%,18.80%,25.30%,21.80%
,Somewhat appealing,5368,31.90%,29.30%,28.00%,33.30%,37.40%,35.20%,33.70%,34.30%,27.80%,27.30%,34.20%
,Very appealing,2976,17.70%,13.10%,37.60%,13.90%,18.50%,18.40%,19.10%,35.70%,13.70%,10.90%,12.80%
,Base (answered),16810,100.00%,100.00%,100.00%,100.00%,100.00%,100.00%,100.00%,100.00%,100.00%,100.00%,100.00%
,,,,,,,,,,,,,
And how appealing do you find the following benefits if they were available through the sa,Don't know,1955,11.60%,13.00%,5.90%,8.80%,5.10%,8.20%,22.60%,5.60%,17.20%,6.90%,10.80%
,Not at all appealing,3189,19.00%,44.80%,9.20%,17.40%,13.70%,12.00%,13.90%,7.70%,36.40%,8.80%,12.10%
,Not very appealing,3089,18.40%,18.60%,11.10%,22.60%,22.10%,24.30%,26.60%,9.80%,15.20%,14.30%,16.30%
,Somewhat appealing,4477,26.60%,15.80%,20.30%,30.40%,28.20%,34.10%,24.90%,24.80%,17.10%,33.70%,36.70%
,Very appealing,4100,24.40%,7.80%,53.50%,20.80%,31.00%,21.40%,12.10%,52.00%,14.10%,36.30%,24.00%
,Base (answered),16810,100.00%,100.00%,100.00%,100.00%,100.00%,100.00%,100.00%,100.00%,100.00%,100.00%,100.00%
,,,,,,,,,,,,,
And how appealing do you find the following benefits if they were available through the sa,Don't know,12116,72.10%,71.90%,59.90%,76.70%,69.80%,69.20%,77.70%,59.80%,75.50%,66.30%,73.00%
,Not at all appealing,883,5.30%,6.50%,9.90%,5.70%,5.90%,3.50%,3.20%,4.10%,6.10%,5.20%,5.30%
,Not very appealing,810,4.80%,5.10%,6.40%,4.00%,5.10%,5.10%,7.60%,5.50%,3.60%,4.60%,4.60%
,Somewhat appealing,718,4.30%,4.50%,5.00%,3.60%,4.60%,4.10%,3.60%,6.70%,3.30%,5.00%,4.70%
,Very appealing,2278,13.60%,11.90%,18.80%,10.00%,14.70%,18.10%,7.90%,24.00%,11.50%,18.90%,12.40%
,Base (answered),16805,100.00%,100.00%,100.00%,100.00%,100.00%,100.00%,100.00%,100.00%,100.00%,100.00%,100.00%
,,,,,,,,,,,,,
How likely are you to subscribe to NFL Game Pass next season?,Definitely/Probably will,12065,71.80%,64.30%,72.80%,71.70%,80.90%,70.70%,71.60%,75.50%,74.60%,64.10%,68.50%
,Definitely/Probably won't,2563,15.30%,18.30%,12.90%,16.70%,12.10%,13.70%,9.10%,16.50%,13.70%,19.50%,18.30%
,Not sure,2166,12.90%,17.50%,14.40%,11.60%,6.90%,15.60%,19.30%,8.00%,11.70%,16.40%,13.20%
,Base (answered),16794,100.00%,100.00%,100.00%,100.00%,100.00%,100.00%,100.00%,100.00%,100.00%,100.00%,100.00%
,,,,,,,,,,,,,
And how appealing to you are each of the following payment plans? - Annual Pass - Upfront ,Don't know,1029,6.20%,2.90%,7.90%,3.30%,5.40%,4.90%,16.30%,4.30%,8.10%,4.70%,2.80%
,Not at all appealing,2024,12.10%,10.80%,11.40%,7.60%,15.50%,11.70%,17.30%,12.70%,11.90%,14.80%,13.80%
,Not very appealing,2087,12.50%,10.50%,13.90%,8.50%,12.50%,14.10%,20.70%,16.80%,9.80%,13.80%,11.70%
,Somewhat appealing,5162,30.90%,35.00%,26.00%,28.70%,26.90%,37.30%,30.70%,27.80%,30.90%,31.40%,36.60%
,Very appealing,6420,38.40%,40.80%,40.80%,51.90%,39.70%,32.00%,15.00%,38.30%,39.20%,35.20%,35.10%
,Base (answered),16722,100.00%,100.00%,100.00%,100.00%,100.00%,100.00%,100.00%,100.00%,100.00%,100.00%,100.00%
,,,,,,,,,,,,,
And how appealing to you are each of the following payment plans? - Annual Pass - 12 month,Don't know,1546,9.20%,7.20%,8.20%,5.80%,6.80%,8.50%,21.00%,6.50%,12.30%,8.10%,4.90%
,Not at all appealing,4097,24.50%,24.60%,13.60%,32.70%,27.50%,22.40%,29.10%,14.60%,23.80%,21.60%,18.20%
,Not very appealing,3152,18.80%,15.90%,10.90%,20.30%,17.90%,23.90%,26.20%,18.30%,15.90%,17.10%,15.20%
,Somewhat appealing,4683,28.00%,33.60%,24.80%,25.90%,24.00%,31.10%,17.80%,28.00%,29.10%,30.40%,39.00%
,Very appealing,3244,19.40%,18.80%,42.60%,15.20%,23.80%,14.10%,5.90%,32.60%,18.90%,22.80%,22.70%
,Base (answered),16722,100.00%,100.00%,100.00%,100.00%,100.00%,100.00%,100.00%,100.00%,100.00%,100.00%,100.00%
,,,,,,,,,,,,,
And how appealing to you are each of the following payment plans? - Annual Pass - 6 monthl,Don't know,1669,10.00%,8.20%,7.90%,6.50%,5.90%,9.20%,21.50%,6.20%,13.50%,8.70%,7.20%
,Not at all appealing,4192,25.10%,26.60%,15.10%,34.80%,28.20%,23.90%,27.20%,13.00%,24.30%,19.70%,21.10%
,Not very appealing,3170,19.00%,17.90%,13.60%,20.80%,16.40%,24.00%,26.50%,16.90%,15.80%,17.20%,15.90%
,Somewhat appealing,4904,29.30%,33.60%,31.40%,25.50%,27.20%,31.70%,18.80%,33.30%,29.50%,33.70%,39.00%
,Very appealing,2787,16.70%,13.70%,31.90%,12.40%,22.30%,11.20%,5.90%,30.60%,16.80%,20.70%,16.80%
,Base (answered),16722,100.00%,100.00%,100.00%,100.00%,100.00%,100.00%,100.00%,100.00%,100.00%,100.00%,100.00%
,,,,,,,,,,,,,
And how appealing to you are each of the following payment plans? - Monthly Flex (30-day r,Don't know,1899,11.40%,9.90%,11.40%,5.80%,9.10%,9.10%,20.20%,9.70%,17.10%,11.30%,8.20%
,Not at all appealing,4212,25.20%,32.20%,25.50%,26.60%,32.30%,27.60%,21.90%,17.20%,27.80%,22.00%,25.70%
,Not very appealing,2902,17.40%,15.60%,20.50%,15.20%,17.10%,22.70%,22.40%,18.80%,16.30%,17.90%,14.00%
,Somewhat appealing,4832,28.90%,27.80%,27.00%,29.00%,23.80%,32.90%,26.30%,32.60%,24.50%,30.40%,34.90%
,Very appealing,2877,17.20%,14.50%,15.60%,23.40%,17.70%,7.80%,9.20%,21.80%,14.30%,18.30%,17.10%
,Base (answered),16722,100.00%,100.00%,100.00%,100.00%,100.00%,100.00%,100.00%,100.00%,100.00%,100.00%,100.00%
,,,,,,,,,,,,,
And how appealing to you are each of the following payment plans? - 7-day Pass (non-renewi,Don't know,2297,13.70%,15.30%,12.40%,9.00%,9.00%,11.60%,20.70%,12.70%,18.40%,14.60%,11.40%
,Not at all appealing,6167,36.90%,43.70%,37.60%,42.30%,52.50%,34.00%,26.00%,26.60%,36.20%,36.60%,42.80%
,Not very appealing,2898,17.30%,16.60%,19.30%,14.50%,22.00%,21.30%,20.70%,19.80%,15.10%,19.20%,16.40%
,Somewhat appealing,3146,18.80%,17.90%,17.30%,17.90%,11.00%,20.00%,20.80%,22.10%,17.60%,17.80%,20.90%
,Very appealing,2214,13.20%,6.60%,13.40%,16.20%,5.60%,13.20%,11.80%,18.80%,12.80%,11.80%,8.60%
,Base (answered),16722,100.00%,100.00%,100.00%,100.00%,100.00%,100.00%,100.00%,100.00%,100.00%,100.00%,100.00%
,,,,,,,,,,,,,
And how appealing to you are each of the following payment plans? - 7-day free trial,Don't know,2377,14.20%,14.40%,10.60%,11.40%,10.10%,11.00%,19.00%,12.40%,18.10%,14.40%,13.80%
,Not at all appealing,4725,28.30%,35.30%,23.00%,37.20%,40.40%,25.70%,19.30%,17.00%,26.80%,20.20%,34.50%
,Not very appealing,2287,13.70%,14.40%,11.60%,12.80%,17.90%,16.80%,17.70%,14.40%,11.60%,12.20%,12.50%
,Somewhat appealing,3463,20.70%,17.70%,22.30%,18.60%,13.70%,22.40%,24.20%,25.00%,19.90%,21.50%,20.50%
,Very appealing,3870,23.10%,18.30%,32.40%,19.90%,17.90%,24.10%,19.80%,31.20%,23.60%,31.70%,18.70%
,Base (answered),16722,100.00%,100.00%,100.00%,100.00%,100.00%,100.00%,100.00%,100.00%,100.00%,100.00%,100.00%
,,,,,,,,,,,,,
How interested are you in watching each of these sports? - Club Soccer in my country,Not at all interested,5354,32.50%,57.30%,19.00%,29.70%,35.20%,26.10%,38.30%,33.80%,37.90%,15.10%,29.70%
,Not very interested,3416,20.70%,22.30%,19.80%,16.70%,20.80%,18.10%,33.10%,25.60%,20.80%,16.60%,14.70%
,Quite interested,3181,19.30%,11.80%,18.80%,20.20%,21.30%,21.80%,19.20%,17.10%,17.70%,26.10%,19.20%
,Very interested,4515,27.40%,8.60%,42.40%,33.40%,22.80%,34.00%,9.40%,23.50%,23.50%,42.10%,36.50%
,Base (answered),16466,100.00%,100.00%,100.00%,100.00%,100.00%,100.00%,100.00%,100.00%,100.00%,100.00%,100.00%
,,,,,,,,,,,,,
How interested are you in watching each of these sports? - Club Soccer in other countries,Not at all interested,5654,34.30%,50.30%,23.40%,38.60%,39.80%,34.00%,34.30%,26.80%,32.90%,21.20%,40.30%
,Not very interested,4100,24.90%,18.50%,24.10%,25.20%,25.40%,27.50%,31.30%,23.80%,19.50%,27.80%,27.90%
,Quite interested,3679,22.30%,16.40%,23.60%,21.50%,18.00%,25.60%,23.30%,23.30%,21.20%,28.70%,21.40%
,Very interested,3033,18.40%,14.80%,28.90%,14.70%,16.80%,12.90%,11.20%,26.10%,26.40%,22.20%,10.40%
,Base (answered),16466,100.00%,100.00%,100.00%,100.00%,100.00%,100.00%,100.00%,100.00%,100.00%,100.00%,100.00%
,,,,,,,,,,,,,
How interested are you in watching each of these sports? - International Soccer competitio,Not at all interested,3415,20.70%,37.90%,13.70%,21.80%,22.10%,19.40%,19.70%,17.20%,21.60%,11.60%,24.00%
,Not very interested,2124,12.90%,13.40%,12.20%,11.60%,15.30%,15.20%,15.60%,13.20%,11.40%,13.10%,12.80%
,Quite interested,4103,24.90%,20.40%,19.30%,26.10%,22.60%,26.50%,31.40%,23.80%,23.00%,25.40%,22.90%
,Very interested,6824,41.40%,28.30%,54.80%,40.50%,40.00%,38.90%,33.30%,45.80%,44.00%,49.90%,40.30%
,Base (answered),16466,100.00%,100.00%,100.00%,100.00%,100.00%,100.00%,100.00%,100.00%,100.00%,100.00%,100.00%
,,,,,,,,,,,,,
How interested are you in watching each of these sports? - American Football,Not at all interested,145,0.90%,1.90%,2.00%,0.60%,1.00%,0.30%,0.50%,0.80%,1.40%,0.60%,0.80%
,Not very interested,193,1.20%,0.50%,0.50%,0.70%,0.30%,0.80%,1.70%,2.00%,2.00%,1.20%,0.20%
,Quite interested,1672,10.20%,9.70%,8.90%,5.70%,7.00%,10.40%,18.50%,10.90%,12.90%,13.30%,4.40%
,Very interested,14456,87.80%,88.00%,88.60%,93.10%,91.60%,88.50%,79.30%,86.30%,83.70%,84.90%,94.60%
,Base (answered),16466,100.00%,100.00%,100.00%,100.00%,100.00%,100.00%,100.00%,100.00%,100.00%,100.00%,100.00%
,,,,,,,,,,,,,
How interested are you in watching each of these sports? - Athletics,Not at all interested,5926,36.00%,51.10%,37.60%,44.90%,43.90%,24.80%,29.30%,27.70%,35.10%,25.80%,38.50%
,Not very interested,5102,31.00%,31.00%,37.30%,25.60%,29.50%,28.70%,35.70%,37.40%,30.00%,36.00%,29.60%
,Quite interested,3999,24.30%,12.30%,15.70%,22.00%,20.40%,31.50%,28.50%,24.60%,24.90%,27.60%,24.60%
,Very interested,1439,8.70%,5.60%,9.40%,7.50%,6.20%,15.00%,6.50%,10.30%,10.00%,10.60%,7.20%
,Base (answered),16466,100.00%,100.00%,100.00%,100.00%,100.00%,100.00%,100.00%,100.00%,100.00%,100.00%,100.00%
,,,,,,,,,,,,,
How interested are you in watching each of these sports? - Baseball,Not at all interested,5782,35.10%,34.30%,42.40%,48.90%,34.30%,35.70%,12.10%,17.00%,40.30%,33.30%,39.70%
,Not very interested,3746,22.70%,23.80%,25.90%,22.60%,23.30%,28.30%,17.50%,25.00%,20.90%,30.80%,19.70%
,Quite interested,3962,24.10%,24.80%,15.50%,18.20%,26.90%,19.40%,37.10%,31.20%,20.70%,23.20%,25.30%
,Very interested,2976,18.10%,17.10%,16.20%,10.40%,15.40%,16.60%,33.30%,26.80%,18.00%,12.80%,15.30%
,Base (answered),16466,100.00%,100.00%,100.00%,100.00%,100.00%,100.00%,100.00%,100.00%,100.00%,100.00%,100.00%
,,,,,,,,,,,,,
How interested are you in watching each of these sports? - Basketball,Not at all interested,4541,27.60%,36.80%,18.50%,34.60%,26.90%,17.90%,21.80%,18.40%,27.70%,13.30%,42.50%
,Not very interested,4093,24.90%,23.40%,27.70%,24.20%,21.80%,21.70%,29.40%,30.30%,22.20%,22.80%,24.30%
,Quite interested,4898,29.70%,25.70%,28.70%,27.90%,28.80%,33.10%,34.00%,33.30%,28.20%,37.60%,22.60%
,Very interested,2934,17.80%,14.20%,25.10%,13.30%,22.50%,27.30%,14.80%,18.00%,21.80%,26.30%,10.50%
,Base (answered),16466,100.00%,100.00%,100.00%,100.00%,100.00%,100.00%,100.00%,100.00%,100.00%,100.00%,100.00%
,,,,,,,,,,,,,
How interested are you in watching each of these sports? - Boxing,Not at all interested,8345,50.70%,57.20%,54.30%,61.80%,57.60%,57.90%,33.80%,29.90%,55.20%,40.40%,56.80%
,Not very interested,4101,24.90%,22.10%,26.90%,21.60%,21.30%,24.70%,27.90%,29.30%,24.60%,34.30%,19.80%
,Quite interested,2821,17.10%,15.10%,11.70%,12.90%,13.20%,12.70%,27.80%,25.50%,13.70%,18.60%,17.10%
,Very interested,1199,7.30%,5.60%,7.10%,3.80%,7.90%,4.80%,10.50%,15.30%,6.60%,6.70%,6.30%
,Base (answered),16466,100.00%,100.00%,100.00%,100.00%,100.00%,100.00%,100.00%,100.00%,100.00%,100.00%,100.00%
,,,,,,,,,,,,,
How interested are you in watching each of these sports? - Cycling,Not at all interested,8691,52.80%,62.10%,60.90%,61.10%,52.30%,44.40%,49.90%,45.10%,52.90%,32.90%,58.60%
,Not very interested,3960,24.00%,21.80%,26.10%,19.30%,19.70%,22.70%,28.90%,36.50%,21.10%,30.70%,18.50%
,Quite interested,2333,14.20%,10.40%,7.60%,11.80%,18.70%,16.40%,14.20%,12.40%,15.90%,23.10%,12.40%
,Very interested,1482,9.00%,5.60%,5.30%,7.80%,9.30%,16.60%,7.00%,6.10%,10.20%,13.30%,10.50%
,Base (answered),16466,100.00%,100.00%,100.00%,100.00%,100.00%,100.00%,100.00%,100.00%,100.00%,100.00%,100.00%
,,,,,,,,,,,,,
How interested are you in watching each of these sports? - E-Sports,Not at all interested,11362,69.00%,74.90%,61.70%,74.10%,67.20%,71.00%,66.40%,59.30%,69.20%,58.70%,77.00%
,Not very interested,3238,19.70%,17.90%,21.10%,13.40%,17.30%,18.60%,23.80%,29.00%,18.70%,30.50%,14.80%
,Quite interested,1325,8.00%,5.10%,9.60%,8.60%,10.80%,7.90%,7.50%,8.00%,8.70%,7.70%,6.50%
,Very interested,541,3.30%,2.00%,7.60%,4.00%,4.60%,2.50%,2.30%,3.70%,3.30%,3.10%,1.70%
,Base (answered),16466,100.00%,100.00%,100.00%,100.00%,100.00%,100.00%,100.00%,100.00%,100.00%,100.00%,100.00%
,,,,,,,,,,,,,
How interested are you in watching each of these sports? - Golf,Not at all interested,9519,57.80%,55.80%,67.80%,68.10%,66.20%,57.60%,47.50%,55.50%,58.00%,43.40%,53.60%
,Not very interested,3570,21.70%,18.40%,20.80%,16.30%,14.60%,20.60%,26.60%,28.20%,21.10%,32.80%,19.00%
,Quite interested,2223,13.50%,17.30%,8.10%,9.60%,11.30%,14.70%,17.80%,10.30%,13.70%,15.90%,19.40%
,Very interested,1154,7.00%,8.60%,3.30%,6.00%,7.90%,7.10%,8.00%,6.00%,7.30%,7.90%,8.00%
,Base (answered),16466,100.00%,100.00%,100.00%,100.00%,100.00%,100.00%,100.00%,100.00%,100.00%,100.00%,100.00%
,,,,,,,,,,,,,
How interested are you in watching each of these sports? - Handball,Not at all interested,10018,60.80%,79.80%,67.50%,45.90%,53.50%,76.00%,65.00%,65.50%,63.20%,38.00%,82.80%
,Not very interested,3912,23.80%,15.90%,22.60%,22.50%,23.80%,19.10%,28.20%,30.10%,22.10%,37.40%,13.20%
,Quite interested,1800,10.90%,4.00%,5.80%,21.10%,18.50%,3.90%,5.90%,3.30%,9.70%,19.10%,3.50%
,Very interested,736,4.50%,0.30%,4.10%,10.40%,4.10%,1.00%,0.90%,1.10%,5.00%,5.40%,0.50%
,Base (answered),16466,100.00%,100.00%,100.00%,100.00%,100.00%,100.00%,100.00%,100.00%,100.00%,100.00%,100.00%
,,,,,,,,,,,,,
How interested are you in watching each of these sports? - Horse riding,Not at all interested,12314,74.80%,77.30%,75.60%,83.90%,82.00%,82.10%,49.70%,64.40%,79.10%,68.40%,82.20%
,Not very interested,2951,17.90%,15.90%,19.30%,11.70%,13.20%,13.70%,24.80%,29.00%,16.00%,28.70%,12.20%
,Quite interested,813,4.90%,4.50%,4.30%,3.30%,3.30%,3.50%,15.30%,5.00%,3.50%,1.90%,3.90%
,Very interested,388,2.40%,2.30%,0.80%,1.20%,1.50%,0.70%,10.20%,1.60%,1.40%,1.00%,1.70%
,Base (answered),16466,100.00%,100.00%,100.00%,100.00%,100.00%,100.00%,100.00%,100.00%,100.00%,100.00%,100.00%
,,,,,,,,,,,,,
How interested are you in watching each of these sports? - Ice hockey,Not at all interested,6070,36.90%,36.90%,41.90%,31.00%,37.60%,41.70%,38.80%,36.40%,38.60%,38.20%,40.70%
,Not very interested,4163,25.30%,25.10%,28.20%,21.80%,20.90%,25.60%,31.00%,32.00%,22.40%,33.80%,19.40%
,Quite interested,3937,23.90%,24.10%,17.30%,27.70%,25.20%,19.50%,22.90%,22.10%,23.30%,18.80%,26.70%
,Very interested,2296,13.90%,13.90%,12.70%,19.50%,16.30%,13.30%,7.40%,9.50%,15.70%,9.10%,13.10%
,Base (answered),16466,100.00%,100.00%,100.00%,100.00%,100.00%,100.00%,100.00%,100.00%,100.00%,100.00%,100.00%
,,,,,,,,,,,,,
How interested are you in watching each of these sports? - MMA / Combate,Not at all interested,9998,60.70%,63.40%,52.00%,69.10%,63.00%,70.50%,47.80%,48.50%,63.80%,46.50%,68.80%
,Not very interested,3371,20.50%,18.40%,23.40%,15.40%,16.50%,17.00%,30.10%,26.30%,17.80%,30.20%,16.20%
,Quite interested,2047,12.40%,12.30%,14.00%,10.50%,13.70%,9.10%,16.50%,14.90%,11.50%,15.90%,10.30%
,Very interested,1050,6.40%,5.90%,10.70%,5.10%,6.90%,3.40%,5.70%,10.20%,6.90%,7.40%,4.70%
,Base (answered),16466,100.00%,100.00%,100.00%,100.00%,100.00%,100.00%,100.00%,100.00%,100.00%,100.00%,100.00%
,,,,,,,,,,,,,
How interested are you in watching each of these sports? - Motor sports,Not at all interested,5813,35.30%,40.30%,32.00%,42.00%,35.80%,24.40%,33.10%,28.70%,39.00%,18.00%,39.20%
,Not very interested,3519,21.40%,22.90%,22.60%,20.30%,20.90%,20.40%,25.80%,24.90%,21.60%,18.20%,17.30%
,Quite interested,4044,24.60%,21.80%,26.10%,21.60%,24.90%,26.90%,26.70%,25.70%,22.70%,31.20%,25.50%
,Very interested,3090,18.80%,15.00%,19.30%,16.10%,18.40%,28.30%,14.40%,20.70%,16.70%,32.60%,18.00%
,Base (answered),16466,100.00%,100.00%,100.00%,100.00%,100.00%,100.00%,100.00%,100.00%,100.00%,100.00%,100.00%
,,,,,,,,,,,,,
How interested are you in watching each of these sports? - Olympic Games / Paralympic Game,Not at all interested,3134,19.00%,26.30%,15.20%,23.80%,23.20%,14.40%,15.00%,11.50%,18.90%,13.90%,24.20%
,Not very interested,2461,14.90%,17.10%,15.20%,14.90%,13.40%,14.00%,17.80%,14.70%,15.20%,13.40%,13.00%
,Quite interested,5314,32.30%,31.30%,25.10%,28.80%,31.70%,31.10%,41.10%,33.00%,30.60%,34.40%,34.60%
,Very interested,5557,33.70%,25.20%,44.40%,32.50%,31.70%,40.50%,26.10%,40.80%,35.30%,38.30%,28.20%
,Base (answered),16466,100.00%,100.00%,100.00%,100.00%,100.00%,100.00%,100.00%,100.00%,100.00%,100.00%,100.00%
,,,,,,,,,,,,,
How interested are you in watching each of these sports? - Rally Racing,Not at all interested,8817,53.50%,62.60%,56.90%,62.70%,53.90%,49.70%,43.60%,47.80%,54.10%,36.50%,58.70%
,Not very interested,4193,25.50%,22.70%,25.90%,20.20%,23.80%,27.90%,27.60%,31.70%,25.90%,36.00%,20.00%
,Quite interested,2475,15.00%,10.90%,11.20%,12.50%,16.10%,17.10%,21.50%,13.60%,13.90%,17.70%,16.80%
,Very interested,981,6.00%,3.70%,6.10%,4.60%,6.20%,5.30%,7.30%,6.90%,6.10%,9.70%,4.50%
,Base (answered),16466,100.00%,100.00%,100.00%,100.00%,100.00%,100.00%,100.00%,100.00%,100.00%,100.00%,100.00%
,,,,,,,,,,,,,
How interested are you in watching each of these sports? - Rugby union,Not at all interested,7656,46.50%,46.10%,51.50%,56.50%,30.70%,32.90%,38.30%,50.50%,52.10%,34.00%,37.80%
,Not very interested,3908,23.70%,22.70%,28.70%,20.10%,16.30%,26.50%,28.60%,32.20%,21.70%,30.70%,16.40%
,Quite interested,3064,18.60%,19.30%,12.70%,16.20%,24.20%,26.90%,24.00%,11.40%,15.60%,24.10%,23.10%
,Very interested,1838,11.20%,11.80%,7.10%,7.20%,28.80%,13.70%,9.10%,5.90%,10.60%,11.20%,22.70%
,Base (answered),16466,100.00%,100.00%,100.00%,100.00%,100.00%,100.00%,100.00%,100.00%,100.00%,100.00%,100.00%
,,,,,,,,,,,,,
How interested are you in watching each of these sports? - Sailing,Not at all interested,11769,71.50%,72.10%,70.30%,81.40%,73.40%,57.00%,67.60%,62.70%,72.30%,59.80%,77.30%
,Not very interested,3575,21.70%,19.30%,23.60%,13.80%,17.70%,25.60%,26.00%,31.60%,20.50%,34.50%,16.70%
,Quite interested,827,5.00%,6.70%,3.60%,3.10%,6.50%,13.60%,5.00%,4.20%,5.20%,4.40%,4.90%
,Very interested,295,1.80%,1.90%,2.50%,1.70%,2.40%,3.90%,1.40%,1.60%,1.90%,1.30%,1.10%
,Base (answered),16466,100.00%,100.00%,100.00%,100.00%,100.00%,100.00%,100.00%,100.00%,100.00%,100.00%,100.00%
,,,,,,,,,,,,,
How interested are you in watching each of these sports? - Swimming,Not at all interested,9464,57.50%,59.70%,53.60%,69.40%,60.70%,42.70%,49.20%,41.10%,60.70%,43.00%,69.00%
,Not very interested,4630,28.10%,25.50%,30.70%,21.40%,24.50%,32.90%,38.00%,34.10%,25.60%,39.90%,21.60%
,Quite interested,1869,11.40%,11.80%,10.90%,7.40%,13.40%,19.50%,11.60%,17.80%,10.70%,12.50%,7.90%
,Very interested,503,3.10%,3.00%,4.80%,1.90%,1.40%,5.00%,1.20%,7.00%,3.00%,4.50%,1.50%
,Base (answered),16466,100.00%,100.00%,100.00%,100.00%,100.00%,100.00%,100.00%,100.00%,100.00%,100.00%,100.00%
,,,,,,,,,,,,,
How interested are you in watching each of these sports? - Tennis,Not at all interested,6411,38.90%,47.00%,28.40%,51.50%,41.90%,24.20%,35.90%,28.70%,39.70%,16.70%,46.00%
,Not very interested,4282,26.00%,27.40%,31.00%,23.70%,21.60%,18.30%,37.60%,26.00%,25.30%,23.90%,25.80%
,Quite interested,3843,23.30%,18.80%,24.10%,17.60%,26.40%,31.20%,21.50%,26.10%,22.90%,37.80%,21.60%
,Very interested,1930,11.70%,6.70%,16.50%,7.20%,10.10%,26.30%,5.00%,19.10%,12.10%,21.60%,6.60%
,Base (answered),16466,100.00%,100.00%,100.00%,100.00%,100.00%,100.00%,100.00%,100.00%,100.00%,100.00%,100.00%
,,,,,,,,,,,,,
How interested are you in watching each of these sports? - Volleyball,Not at all interested,9115,55.40%,69.30%,39.10%,67.00%,60.40%,31.20%,41.50%,39.90%,57.20%,46.80%,74.10%
,Not very interested,4740,28.80%,23.40%,32.70%,22.70%,26.90%,30.50%,38.60%,35.60%,26.70%,40.60%,20.10%
,Quite interested,2018,12.30%,6.10%,18.50%,8.00%,10.30%,29.10%,16.90%,18.20%,11.60%,10.80%,4.90%
,Very interested,593,3.60%,1.20%,9.60%,2.20%,2.40%,9.20%,3.00%,6.30%,4.50%,1.80%,0.90%
,Base (answered),16466,100.00%,100.00%,100.00%,100.00%,100.00%,100.00%,100.00%,100.00%,100.00%,100.00%,100.00%
,,,,,,,,,,,,,
"How interested are you in watching each of these sports? - Winter sports (skiing, snowboar",Not at all interested,5867,35.60%,47.80%,31.70%,36.70%,43.10%,25.30%,31.10%,28.00%,37.60%,37.00%,40.90%
,Not very interested,4992,30.30%,28.20%,37.10%,24.10%,26.90%,33.80%,37.10%,33.80%,30.60%,38.80%,25.60%
,Quite interested,3849,23.40%,18.20%,17.00%,25.50%,21.40%,25.10%,25.20%,25.60%,21.90%,18.70%,23.10%
,Very interested,1758,10.70%,5.80%,14.20%,13.70%,8.60%,15.70%,6.50%,12.50%,9.90%,5.50%,10.40%
,Base (answered),16466,100.00%,100.00%,100.00%,100.00%,100.00%,100.00%,100.00%,100.00%,100.00%,100.00%,100.00%
,,,,,,,,,,,,,
And how interested are you in watching the following competitions? - UEFA Women's Champion,Not at all interested,3998,45.10%,48.40%,53.80%,46.50%,42.30%,59.40%,38.90%,32.50%,49.40%,37.00%,50.10%
,Not very interested,2693,30.40%,30.50%,27.70%,27.20%,33.80%,28.30%,41.60%,37.80%,28.50%,28.70%,26.60%
,Quite interested,1470,16.60%,13.50%,9.60%,18.00%,13.40%,8.30%,15.80%,20.30%,14.60%,22.30%,16.00%
,Very interested,703,7.90%,7.60%,8.80%,8.30%,10.60%,4.00%,3.80%,9.40%,7.50%,12.00%,7.20%
,Base (answered),8864,100.00%,100.00%,100.00%,100.00%,100.00%,100.00%,100.00%,100.00%,100.00%,100.00%,100.00%
,,,,,,,,,,,,,
And how interested are you in watching the following competitions? - NCAA College Football,Not at all interested,2547,15.60%,13.60%,13.10%,14.90%,10.10%,13.40%,15.00%,15.60%,20.80%,8.90%,17.00%
,Not very interested,2981,18.30%,18.90%,18.60%,17.00%,16.70%,19.00%,22.50%,21.80%,18.30%,16.00%,14.20%
,Quite interested,5138,31.50%,33.60%,24.20%,29.50%,30.40%,34.30%,32.00%,29.50%,30.00%,38.80%,35.10%
,Very interested,5655,34.60%,33.90%,44.10%,38.60%,42.80%,33.20%,30.60%,33.10%,30.90%,36.30%,33.70%
,Base (answered),16321,100.00%,100.00%,100.00%,100.00%,100.00%,100.00%,100.00%,100.00%,100.00%,100.00%,100.00%
,,,,,,,,,,,,,
And how interested are you in watching the following competitions? - European Football Lea,Not at all interested,5697,35.00%,58.30%,43.20%,29.50%,32.70%,31.40%,35.40%,33.50%,38.80%,20.30%,44.00%
,Not very interested,4885,30.00%,26.40%,29.20%,28.40%,23.40%,31.40%,37.50%,34.20%,27.20%,34.30%,26.00%
,Quite interested,3802,23.30%,11.90%,17.40%,27.30%,27.00%,26.90%,18.70%,22.10%,22.20%,29.10%,21.40%
,Very interested,1899,11.70%,3.30%,10.20%,14.80%,16.90%,10.20%,8.30%,10.30%,11.80%,16.30%,8.60%
,Base (answered),16283,100.00%,100.00%,100.00%,100.00%,100.00%,100.00%,100.00%,100.00%,100.00%,100.00%,100.00%
,,,,,,,,,,,,,
And how interested are you in watching the following competitions? - United Football Leagu,Not at all interested,6855,42.20%,58.80%,44.90%,42.30%,41.90%,37.80%,41.30%,35.50%,46.80%,26.80%,48.60%
,Not very interested,5458,33.60%,27.60%,30.80%,31.60%,27.20%,34.20%,41.90%,37.60%,31.20%,41.80%,28.40%
,Quite interested,2792,17.20%,10.20%,15.60%,18.90%,22.10%,19.90%,12.80%,19.00%,15.30%,21.50%,16.00%
,Very interested,1143,7.00%,3.40%,8.70%,7.20%,8.80%,8.10%,4.00%,7.90%,6.80%,9.90%,7.00%
,Base (answered),16248,100.00%,100.00%,100.00%,100.00%,100.00%,100.00%,100.00%,100.00%,100.00%,100.00%,100.00%
,,,,,,,,,,,,,
And how interested are you in watching the following competitions? - Major League Baseball,Not at all interested,95,1.40%,2.20%,0.80%,1.80%,2.00%,0.60%,1.60%,0.90%,1.40%,0.90%,1.50%
,Not very interested,424,6.20%,6.70%,4.90%,7.10%,5.30%,6.90%,10.60%,3.90%,4.40%,4.10%,4.30%
,Quite interested,2933,42.80%,37.10%,40.20%,45.20%,47.60%,38.10%,45.20%,37.90%,40.30%,46.00%,48.10%
,Very interested,3400,49.60%,53.90%,54.10%,45.80%,45.10%,54.40%,42.60%,57.30%,53.90%,49.00%,46.20%
,Base (answered),6852,100.00%,100.00%,100.00%,100.00%,100.00%,100.00%,100.00%,100.00%,100.00%,100.00%,100.00%
,,,,,,,,,,,,,
And how interested are you in watching the following competitions? - National Basketball A,Not at all interested,170,2.20%,1.20%,1.40%,2.80%,1.70%,2.00%,2.40%,1.60%,2.20%,1.90%,2.30%
,Not very interested,541,7.00%,7.20%,6.20%,8.40%,4.40%,8.10%,9.50%,4.90%,5.30%,8.40%,5.70%
,Quite interested,3284,42.50%,47.40%,29.90%,45.20%,36.50%,40.00%,44.60%,42.10%,38.90%,43.00%,50.30%
,Very interested,3738,48.30%,44.20%,62.60%,43.60%,57.40%,49.80%,43.60%,51.40%,53.60%,46.60%,41.70%
,Base (answered),7733,100.00%,100.00%,100.00%,100.00%,100.00%,100.00%,100.00%,100.00%,100.00%,100.00%,100.00%
,,,,,,,,,,,,,
And how interested are you in watching the following competitions? - NCAA College Basketba,Not at all interested,1488,19.30%,18.70%,24.30%,25.00%,21.30%,15.90%,19.00%,16.50%,19.80%,12.40%,17.80%
,Not very interested,2523,32.70%,34.30%,33.30%,32.60%,28.70%,31.70%,36.90%,36.80%,26.10%,38.90%,30.90%
,Quite interested,2290,29.70%,30.70%,22.90%,26.50%,31.10%,31.10%,29.00%,28.80%,31.70%,31.70%,31.80%
,Very interested,1422,18.40%,16.30%,19.50%,16.00%,18.90%,21.30%,15.10%,17.90%,22.30%,17.10%,19.60%
,Base (answered),7723,100.00%,100.00%,100.00%,100.00%,100.00%,100.00%,100.00%,100.00%,100.00%,100.00%,100.00%
,,,,,,,,,,,,,
And how interested are you in watching the following competitions? - FIBA Basketball World,Not at all interested,1660,21.50%,28.20%,25.40%,27.10%,15.40%,14.50%,16.50%,20.10%,24.20%,6.10%,35.30%
,Not very interested,2138,27.70%,32.10%,29.70%,26.50%,19.80%,23.60%,32.70%,38.00%,26.40%,13.10%,34.60%
,Quite interested,2353,30.50%,27.80%,20.10%,29.50%,40.30%,38.20%,34.60%,26.50%,26.60%,41.80%,21.30%
,Very interested,1562,20.30%,11.90%,24.90%,16.90%,24.50%,23.60%,16.20%,15.40%,22.80%,39.00%,8.80%
,Base (answered),7713,100.00%,100.00%,100.00%,100.00%,100.00%,100.00%,100.00%,100.00%,100.00%,100.00%,100.00%
,,,,,,,,,,,,,
And how interested are you in watching the following competitions? - PGA Tour / LPGA Tour,Not at all interested,120,3.60%,3.70%,4.50%,4.00%,0.90%,2.60%,3.00%,4.80%,3.50%,1.40%,5.40%
,Not very interested,406,12.20%,12.80%,18.20%,11.20%,13.50%,13.90%,14.70%,12.30%,8.90%,14.60%,12.80%
,Quite interested,1513,45.50%,40.90%,34.10%,43.10%,43.20%,47.40%,51.40%,40.30%,47.00%,42.50%,47.90%
,Very interested,1287,38.70%,42.70%,43.20%,41.60%,42.30%,36.10%,30.90%,42.60%,40.50%,41.50%,33.80%
,Base (answered),3326,100.00%,100.00%,100.00%,100.00%,100.00%,100.00%,100.00%,100.00%,100.00%,100.00%,100.00%
,,,,,,,,,,,,,
And how interested are you in watching the following competitions? - European Tour,Not at all interested,486,14.70%,19.00%,16.30%,9.70%,24.30%,8.30%,18.60%,18.30%,16.80%,11.30%,12.20%
,Not very interested,952,28.70%,30.70%,37.20%,22.30%,27.90%,29.00%,44.50%,26.00%,26.20%,34.60%,21.40%
,Quite interested,1189,35.90%,31.90%,18.60%,40.10%,21.60%,39.90%,28.90%,34.40%,35.60%,35.00%,44.20%
,Very interested,689,20.80%,18.40%,27.90%,27.90%,26.10%,22.80%,7.90%,21.20%,21.50%,19.10%,22.20%
,Base (answered),3316,100.00%,100.00%,100.00%,100.00%,100.00%,100.00%,100.00%,100.00%,100.00%,100.00%,100.00%
,,,,,,,,,,,,,
And how interested are you in watching the following competitions? - LIV Golf,Not at all interested,889,26.80%,22.40%,11.60%,31.20%,35.10%,19.70%,22.50%,15.20%,30.20%,8.70%,43.80%
,Not very interested,1085,32.70%,26.10%,34.90%,30.00%,29.70%,33.70%,50.50%,28.70%,30.90%,31.50%,26.40%
,Quite interested,882,26.60%,27.90%,27.90%,25.00%,22.50%,35.80%,20.80%,33.90%,26.10%,33.90%,22.70%
,Very interested,460,13.90%,23.60%,25.60%,13.80%,12.60%,10.90%,6.20%,22.30%,12.90%,25.90%,7.20%
,Base (answered),3316,100.00%,100.00%,100.00%,100.00%,100.00%,100.00%,100.00%,100.00%,100.00%,100.00%,100.00%
,,,,,,,,,,,,,
And how interested are you in watching the following competitions? - National Hockey Leagu,Not at all interested,174,2.80%,5.00%,1.80%,4.10%,0.80%,0.70%,3.10%,1.70%,2.40%,0.60%,3.30%
,Not very interested,679,11.00%,8.30%,9.60%,15.70%,4.60%,9.00%,15.50%,12.90%,7.80%,5.90%,6.70%
,Quite interested,2656,43.20%,38.40%,39.50%,39.00%,43.60%,43.60%,51.50%,46.20%,42.00%,50.90%,44.50%
,Very interested,2646,43.00%,48.30%,49.10%,41.20%,51.00%,46.70%,29.90%,39.30%,47.80%,42.60%,45.40%
,Base (answered),6155,100.00%,100.00%,100.00%,100.00%,100.00%,100.00%,100.00%,100.00%,100.00%,100.00%,100.00%
,,,,,,,,,,,,,
And how interested are you in watching the following competitions? - Ultimate Fighting Cha,Not at all interested,67,2.20%,2.60%,2.10%,1.70%,1.70%,1.80%,4.80%,2.30%,1.50%,2.10%,1.20%
,Not very interested,283,9.30%,6.10%,7.40%,12.70%,8.40%,10.90%,15.00%,6.80%,6.50%,9.20%,5.60%
,Quite interested,1443,47.20%,45.20%,35.80%,46.00%,40.30%,59.10%,53.40%,42.20%,49.10%,43.60%,53.60%
,Very interested,1262,41.30%,46.10%,54.70%,39.70%,49.60%,28.20%,26.80%,48.70%,42.90%,45.00%,39.70%
,Base (answered),3055,100.00%,100.00%,100.00%,100.00%,100.00%,100.00%,100.00%,100.00%,100.00%,100.00%,100.00%
,,,,,,,,,,,,,
And how interested are you in watching the following competitions? - Formula 1,Not at all interested,315,4.50%,5.20%,3.40%,7.50%,5.60%,3.50%,4.40%,1.40%,3.60%,2.10%,7.00%
,Not very interested,597,8.50%,7.30%,9.00%,10.90%,9.60%,9.80%,12.40%,4.40%,7.00%,6.50%,8.10%
,Quite interested,2013,28.60%,22.80%,24.90%,32.90%,25.90%,25.70%,43.90%,18.10%,24.00%,28.30%,29.50%
,Very interested,4122,58.50%,64.70%,62.70%,48.70%,59.00%,61.10%,39.20%,76.20%,65.40%,63.10%,55.40%
,Base (answered),7047,100.00%,100.00%,100.00%,100.00%,100.00%,100.00%,100.00%,100.00%,100.00%,100.00%,100.00%
,,,,,,,,,,,,,
And how interested are you in watching the following competitions? - MotoGP,Not at all interested,1619,23.00%,26.20%,30.90%,30.60%,27.70%,9.50%,17.00%,21.70%,25.20%,7.50%,32.20%
,Not very interested,1941,27.60%,30.00%,34.90%,26.40%,20.90%,23.10%,30.40%,34.20%,30.60%,15.90%,29.80%
,Quite interested,1839,26.20%,22.70%,19.40%,24.30%,23.70%,31.00%,33.50%,26.00%,23.70%,32.20%,21.20%
,Very interested,1626,23.10%,21.00%,14.90%,18.70%,27.70%,36.30%,19.10%,18.00%,20.60%,44.40%,16.80%
,Base (answered),7025,100.00%,100.00%,100.00%,100.00%,100.00%,100.00%,100.00%,100.00%,100.00%,100.00%,100.00%
,,,,,,,,,,,,,
And how interested are you in watching the following competitions? - NASCAR,Not at all interested,2041,29.00%,33.30%,27.10%,32.20%,28.90%,30.80%,22.30%,23.80%,30.70%,20.90%,39.40%
,Not very interested,2160,30.70%,28.10%,31.60%,27.00%,24.50%,33.50%,41.20%,32.20%,30.70%,34.90%,22.50%
,Quite interested,1758,25.00%,22.90%,22.60%,24.90%,26.50%,22.30%,27.40%,26.20%,22.70%,27.50%,25.10%
,Very interested,1072,15.20%,15.60%,18.60%,15.80%,20.10%,13.40%,9.10%,17.80%,15.90%,16.70%,13.00%
,Base (answered),7031,100.00%,100.00%,100.00%,100.00%,100.00%,100.00%,100.00%,100.00%,100.00%,100.00%,100.00%
,,,,,,,,,,,,,
And how interested are you in watching the following competitions? - The 6 Nations Champio,Not at all interested,468,9.70%,13.00%,14.10%,17.40%,0.70%,0.80%,20.70%,17.80%,8.10%,0.00%,2.10%
,Not very interested,741,15.30%,20.50%,24.40%,20.10%,2.90%,5.80%,35.00%,29.00%,15.00%,4.70%,1.80%
,Quite interested,1539,31.80%,36.00%,23.10%,33.70%,24.80%,38.50%,28.40%,31.70%,32.70%,38.10%,27.60%
,Very interested,2091,43.20%,30.50%,38.50%,28.80%,71.60%,54.80%,16.00%,21.50%,44.20%,57.20%,68.50%
,Base (answered),4839,100.00%,100.00%,100.00%,100.00%,100.00%,100.00%,100.00%,100.00%,100.00%,100.00%,100.00%
,,,,,,,,,,,,,
And how interested are you in watching the following competitions? - Super Rugby,Not at all interested,614,12.70%,9.50%,5.20%,10.20%,25.20%,12.90%,5.70%,3.90%,9.70%,6.60%,28.10%
,Not very interested,1248,25.80%,17.60%,18.20%,25.90%,31.00%,38.30%,22.60%,19.80%,22.50%,28.20%,27.90%
,Quite interested,1905,39.40%,39.20%,41.60%,43.40%,29.40%,30.90%,52.90%,47.10%,40.00%,42.20%,26.80%
,Very interested,1070,22.10%,33.70%,35.10%,20.40%,14.40%,17.90%,18.80%,29.10%,27.80%,23.00%,17.20%
,Base (answered),4837,100.00%,100.00%,100.00%,100.00%,100.00%,100.00%,100.00%,100.00%,100.00%,100.00%,100.00%
,,,,,,,,,,,,,
And how interested are you in watching the following competitions? - Aviva Premiership Rug,Not at all interested,895,18.50%,30.20%,12.80%,18.70%,33.20%,20.80%,17.30%,7.20%,19.60%,11.40%,17.40%
,Not very interested,1670,34.50%,40.70%,33.30%,30.60%,35.50%,46.00%,43.40%,27.00%,35.70%,38.20%,24.60%
,Quite interested,1490,30.80%,19.60%,26.90%,36.20%,21.50%,22.40%,30.70%,42.30%,29.40%,34.10%,30.50%
,Very interested,782,16.20%,9.50%,26.90%,14.50%,9.80%,10.80%,8.70%,23.40%,15.40%,16.40%,27.50%
,Base (answered),4837,100.00%,100.00%,100.00%,100.00%,100.00%,100.00%,100.00%,100.00%,100.00%,100.00%,100.00%
,,,,,,,,,,,,,
And how interested are you in watching the following competitions? - United Rugby Champion,Not at all interested,936,19.40%,26.50%,14.10%,15.00%,35.30%,24.40%,15.60%,5.40%,17.70%,10.90%,29.70%
,Not very interested,1618,33.50%,38.00%,32.10%,28.30%,33.30%,43.30%,40.80%,25.50%,33.30%,38.90%,28.50%
,Quite interested,1526,31.60%,24.50%,24.40%,40.10%,20.90%,21.90%,33.20%,43.20%,30.90%,34.40%,26.10%
,Very interested,753,15.60%,11.00%,29.50%,16.60%,10.50%,10.30%,10.40%,25.80%,18.00%,15.90%,15.70%
,Base (answered),4833,100.00%,100.00%,100.00%,100.00%,100.00%,100.00%,100.00%,100.00%,100.00%,100.00%,100.00%
,,,,,,,,,,,,,
And how interested are you in watching the following competitions? - ATP World Tour,Not at all interested,586,10.30%,19.00%,5.70%,7.40%,8.60%,4.50%,22.10%,10.60%,11.20%,2.10%,19.10%
,Not very interested,982,17.30%,20.90%,14.60%,20.00%,16.20%,8.40%,32.20%,14.70%,16.30%,10.20%,22.90%
,Quite interested,2316,40.70%,44.20%,36.70%,44.50%,48.60%,40.50%,33.50%,35.00%,38.00%,49.80%,41.10%
,Very interested,1806,31.70%,16.00%,43.00%,28.10%,26.70%,46.60%,12.20%,39.70%,34.50%,38.00%,16.90%
,Base (answered),5690,100.00%,100.00%,100.00%,100.00%,100.00%,100.00%,100.00%,100.00%,100.00%,100.00%,100.00%
,,,,,,,,,,,,,
And how interested are you in watching the following competitions? - WTA World Tour,Not at all interested,1116,19.70%,27.20%,17.70%,17.70%,17.10%,14.50%,22.50%,17.30%,20.40%,21.20%,25.30%
,Not very interested,1600,28.20%,29.60%,24.10%,30.40%,28.90%,25.50%,38.10%,23.40%,24.60%,32.40%,27.70%
,Quite interested,1870,33.00%,29.60%,31.00%,34.30%,36.50%,36.50%,31.20%,32.10%,31.80%,32.50%,34.30%
,Very interested,1089,19.20%,13.60%,27.20%,17.70%,17.50%,23.40%,8.20%,27.20%,23.20%,13.80%,12.80%
,Base (answered),5675,100.00%,100.00%,100.00%,100.00%,100.00%,100.00%,100.00%,100.00%,100.00%,100.00%,100.00%
,,,,,,,,,,,,,
And how interested are you in watching the following competitions? - FIVB World Cup,Not at all interested,490,19.10%,27.70%,15.00%,31.30%,11.00%,16.20%,11.20%,18.00%,19.40%,7.20%,40.60%
,Not very interested,723,28.20%,38.30%,19.60%,38.20%,23.30%,24.10%,21.30%,30.40%,28.10%,24.30%,33.30%
,Quite interested,798,31.20%,23.40%,37.40%,20.50%,39.70%,39.40%,30.30%,32.90%,28.10%,46.70%,19.80%
,Very interested,549,21.40%,10.60%,28.00%,10.00%,26.00%,20.30%,37.10%,18.70%,24.40%,21.70%,6.30%
,Base (answered),2560,100.00%,100.00%,100.00%,100.00%,100.00%,100.00%,100.00%,100.00%,100.00%,100.00%,100.00%
,,,,,,,,,,,,,
And how interested are you in watching the following competitions? - Superlega - Lega Pall,Not at all interested,859,33.60%,40.40%,35.20%,55.50%,47.90%,5.90%,27.10%,35.00%,34.60%,25.00%,51.60%
,Not very interested,904,35.30%,38.30%,40.70%,30.40%,30.10%,29.30%,39.70%,37.60%,36.80%,42.80%,27.40%
,Quite interested,555,21.70%,12.80%,12.00%,10.00%,15.10%,46.30%,24.90%,18.80%,18.10%,24.30%,16.80%
,Very interested,242,9.50%,8.50%,12.00%,4.10%,6.80%,18.50%,8.40%,8.50%,10.40%,7.90%,4.20%
,Base (answered),2560,100.00%,100.00%,100.00%,100.00%,100.00%,100.00%,100.00%,100.00%,100.00%,100.00%,100.00%
,,,,,,,,,,,,,
And how interested are you in watching the following competitions? - Rally,Not at all interested,2148,30.60%,40.90%,39.80%,36.30%,31.30%,36.20%,15.80%,28.90%,30.40%,22.10%,36.10%
,Not very interested,2042,29.10%,28.00%,27.30%,27.90%,23.30%,30.10%,27.30%,32.30%,28.20%,36.40%,25.80%
,Quite interested,1923,27.40%,21.10%,19.90%,25.10%,31.70%,24.50%,39.90%,25.60%,26.60%,26.40%,28.30%
,Very interested,904,12.90%,9.90%,13.10%,10.80%,13.70%,9.20%,16.90%,13.20%,14.80%,15.10%,9.80%
,Base (answered),7017,100.00%,100.00%,100.00%,100.00%,100.00%,100.00%,100.00%,100.00%,100.00%,100.00%,100.00%
,,,,,,,,,,,,,
"Please estimate your annual household income after taxes.
Please select one only.",Prefer not to answer,412,24.60%,-,-,-,-,-,-,-,-,-,24.60%
,"£10,000 or less",24,1.40%,-,-,-,-,-,-,-,-,-,1.40%
,"£10,001 - £15,000",28,1.70%,-,-,-,-,-,-,-,-,-,1.70%
,"£100,001 - £125,000",109,6.50%,-,-,-,-,-,-,-,-,-,6.50%
,"£125,001 or more",186,11.10%,-,-,-,-,-,-,-,-,-,11.10%
,"£15,001 - £20,000",27,1.60%,-,-,-,-,-,-,-,-,-,1.60%
,"£20,001 - £24,000",43,2.60%,-,-,-,-,-,-,-,-,-,2.60%
,"£24,001 - £29,000",41,2.40%,-,-,-,-,-,-,-,-,-,2.40%
,"£29,001 - £34,000",70,4.20%,-,-,-,-,-,-,-,-,-,4.20%
,"£34,001 - £40,000",98,5.80%,-,-,-,-,-,-,-,-,-,5.80%
,"£40,001 - £48,000",96,5.70%,-,-,-,-,-,-,-,-,-,5.70%
,"£48,001 - £60,000",210,12.50%,-,-,-,-,-,-,-,-,-,12.50%
,"£60,001 - £100,000",334,19.90%,-,-,-,-,-,-,-,-,-,19.90%
,Base (answered),1678,100.00%,100.00%,100.00%,100.00%,100.00%,100.00%,100.00%,100.00%,100.00%,100.00%,100.00%
,,,,,,,,,,,,,
"Please estimate your annual household income after taxes.
Please select one only.",0 € - 2.500 €,163,2.90%,-,-,2.20%,4.10%,3.70%,-,-,-,3.40%,-
,10.001 € - 20.000 €,181,3.30%,-,-,1.80%,4.30%,4.90%,-,-,-,4.70%,-
,100.001 € - 125.000 €,179,3.20%,-,-,4.00%,4.10%,1.50%,-,-,-,2.30%,-
,125.001 € or more,220,4.00%,-,-,4.30%,5.50%,2.40%,-,-,-,3.60%,-
,2.501 € - 10.000 €,206,3.70%,-,-,3.60%,4.50%,2.20%,-,-,-,4.80%,-
,20.001 € - 25.000 €,238,4.30%,-,-,2.30%,4.10%,9.40%,-,-,-,5.20%,-
,25.001 € - 32.000 €,337,6.10%,-,-,4.30%,6.40%,8.70%,-,-,-,8.20%,-
,32.001 € - 40.000 €,482,8.70%,-,-,8.10%,10.30%,10.60%,-,-,-,8.00%,-
,40.001 € - 50.000 €,472,8.50%,-,-,8.60%,10.30%,7.40%,-,-,-,8.50%,-
,50.001 € - 60.000 €,426,7.70%,-,-,7.70%,9.00%,5.80%,-,-,-,8.40%,-
,60.001 € - 75.000 €,392,7.10%,-,-,9.10%,6.50%,3.70%,-,-,-,5.30%,-
,75.001 € - 100.000 €,466,8.40%,-,-,10.20%,8.40%,4.60%,-,-,-,7.00%,-
,Prefer not to answer,1775,32.10%,-,-,33.70%,22.40%,35.10%,-,-,-,30.60%,-
,Base (answered),5537,100.00%,100.00%,100.00%,100.00%,100.00%,100.00%,100.00%,100.00%,100.00%,100.00%,100.00%
,,,,,,,,,,,,,
"Please estimate your annual household income after taxes.
Please select one only.","0¥ - 1,200,000¥",104,5.70%,-,-,-,-,-,5.70%,-,-,-,-
,"1,200,001¥ - 3,000,000¥",142,7.80%,-,-,-,-,-,7.80%,-,-,-,-
,"10,000,001¥ - 15,000,000¥",188,10.30%,-,-,-,-,-,10.40%,-,-,-,-
,"15,000,001¥ - 20,000,000¥",51,2.80%,-,-,-,-,-,2.80%,-,-,-,-
,"20,000,001¥ or more",63,3.50%,-,-,-,-,-,3.50%,-,-,-,-
,"3,000,001¥ - 3,800,000¥",94,5.20%,-,-,-,-,-,5.20%,-,-,-,-
,"3,800,001¥ - 4,500,000¥",90,4.90%,-,-,-,-,-,4.90%,-,-,-,-
,"4,500,001¥ - 5,000,000¥",123,6.80%,-,-,-,-,-,6.70%,-,-,-,-
,"5,000,001¥ - 6,000,000¥",125,6.90%,-,-,-,-,-,6.90%,-,-,-,-
,"6,000,001¥ - 7,000,000¥",138,7.60%,-,-,-,-,-,7.60%,-,-,-,-
,"7,000,001¥ - 8,500,000¥",101,5.60%,-,-,-,-,-,5.60%,-,-,-,-
,"8,500,001¥ - 10,000,000¥",147,8.10%,-,-,-,-,-,8.00%,-,-,-,-
,Prefer not to answer,453,24.90%,-,-,-,-,-,24.80%,-,-,-,-
,Base (answered),1819,100.00%,100.00%,100.00%,100.00%,100.00%,100.00%,100.00%,100.00%,100.00%,100.00%,100.00%
,,,,,,,,,,,,,
"Please estimate your annual household income after taxes.
Please select one only.","Less than MX$48,000",206,10.70%,-,-,-,-,-,-,10.60%,-,-,-
,"MX$144,001 - MX$200,000",92,4.80%,-,-,-,-,-,-,4.80%,-,-,-
,"MX$200,001 - MX$300,000",87,4.50%,-,-,-,-,-,-,4.50%,-,-,-
,"MX$300,001 - MX$420,000",120,6.20%,-,-,-,-,-,-,6.20%,-,-,-
,"MX$420,001 - MX$780,000",176,9.10%,-,-,-,-,-,-,9.10%,-,-,-
,"MX$48,001 - MX$96,000",213,11.00%,-,-,-,-,-,-,11.00%,-,-,-
,"MX$780,001+",328,17.00%,-,-,-,-,-,-,17.10%,-,-,-
,"MX$96,001 - MX$144,000",130,6.70%,-,-,-,-,-,-,6.60%,-,-,-
,Prefer not to answer,576,29.90%,-,-,-,-,-,-,30.00%,-,-,-
,Base (answered),1928,100.00%,100.00%,100.00%,100.00%,100.00%,100.00%,100.00%,100.00%,100.00%,100.00%,100.00%
,,,,,,,,,,,,,
"Please estimate your annual household income after taxes.
Please select one only.",Prefer not to answer,87,22.20%,-,22.10%,-,-,-,-,-,-,-,-
,"R$10,000 or less",46,11.70%,-,11.60%,-,-,-,-,-,-,-,-
,"R$10,001 - R$25,000",59,15.10%,-,15.20%,-,-,-,-,-,-,-,-
,"R$150,001+",91,23.20%,-,23.40%,-,-,-,-,-,-,-,-
,"R$25,001 - R$38,000",23,5.90%,-,5.90%,-,-,-,-,-,-,-,-
,"R$38,001 - R$50,000",19,4.80%,-,4.60%,-,-,-,-,-,-,-,-
,"R$50,001 - R$90,000",27,6.90%,-,6.90%,-,-,-,-,-,-,-,-
,"R$90,001 - R$150,000",40,10.20%,-,10.30%,-,-,-,-,-,-,-,-
,Base (answered),392,100.00%,100.00%,100.00%,100.00%,100.00%,100.00%,100.00%,100.00%,100.00%,100.00%,100.00%
,,,,,,,,,,,,,
"Please estimate your annual household income after taxes.
Please select one only.","AU$100,001 to AU$120,000",33,5.10%,5.20%,-,-,-,-,-,-,-,-,-
,"AU$120,001 to AU$140,000",54,8.40%,8.50%,-,-,-,-,-,-,-,-,-
,"AU$140,001 to AU$175,000",53,8.20%,8.30%,-,-,-,-,-,-,-,-,-
,"AU$175,001 to AU$200,000",37,5.70%,5.50%,-,-,-,-,-,-,-,-,-
,"AU$20,000 AUD or less",16,2.50%,2.50%,-,-,-,-,-,-,-,-,-
,"AU$20,001 to AU$30,000",9,1.40%,1.40%,-,-,-,-,-,-,-,-,-
,"AU$200,001 or more",146,22.70%,22.70%,-,-,-,-,-,-,-,-,-
,"AU$30,001 to AU$42,000",3,0.50%,0.50%,-,-,-,-,-,-,-,-,-
,"AU$42,001 to AU$50,000",7,1.10%,1.10%,-,-,-,-,-,-,-,-,-
,"AU$50,001 to AU$65,000",26,4.00%,4.10%,-,-,-,-,-,-,-,-,-
,"AU$65,001 to AU$75,000",23,3.60%,3.60%,-,-,-,-,-,-,-,-,-
,"AU$75,001 to AU$90,000",29,4.50%,4.50%,-,-,-,-,-,-,-,-,-
,"AU$90,001 to AU$100,000",24,3.70%,3.80%,-,-,-,-,-,-,-,-,-
,Prefer not to answer,184,28.60%,28.50%,-,-,-,-,-,-,-,-,-
,Base (answered),644,100.00%,100.00%,100.00%,100.00%,100.00%,100.00%,100.00%,100.00%,100.00%,100.00%,100.00%
,,,,,,,,,,,,,
Streaming Last Subscription Type NFLStreaming Last Subscription Type NFL,Annual,7059,36.30%,52.20%,16.60%,43.80%,35.40%,35.00%,28.40%,25.60%,37.60%,22.80%,48.90%
,Externally Billed,1,0.00%,0.00%,0.00%,0.00%,0.00%,0.00%,0.00%,0.00%,0.00%,0.00%,0.10%
,Instalment,738,3.80%,6.30%,0.00%,6.90%,0.00%,0.00%,3.50%,0.00%,2.60%,0.00%,10.20%
,Monthly,76,0.40%,0.00%,0.00%,1.50%,0.00%,0.00%,0.00%,0.30%,0.10%,0.00%,0.00%
,Season Instalment,1904,9.80%,9.50%,16.60%,0.50%,19.20%,6.80%,3.40%,22.70%,12.40%,16.50%,9.30%
,Season Upfront,9641,49.60%,31.80%,66.70%,47.30%,45.40%,58.20%,64.70%,51.40%,47.30%,60.70%,31.60%
,Weekly,1,0.00%,0.10%,0.00%,0.00%,0.00%,0.00%,0.00%,0.00%,0.00%,0.00%,0.00%
,Base (answered),19420,100.00%,100.00%,100.00%,100.00%,100.00%,100.00%,100.00%,100.00%,100.00%,100.00%,100.00%
